,date_sampling,PRCP
0,2020-01-01,0.0
1,2020-01-02,0.0
2,2020-01-03,0.0
3,2020-01-04,0.0
4,2020-01-05,0.0
5,2020-01-06,0.0
6,2020-01-07,0.0
7,2020-01-08,0.0
8,2020-01-09,0.0
9,2020-01-10,0.0
10,2020-01-11,0.0
11,2020-01-12,0.0
12,2020-01-13,0.0
13,2020-01-14,0.0
14,2020-01-15,0.0
15,2020-01-16,0.0
16,2020-01-17,0.0
17,2020-01-18,0.0
18,2020-01-19,0.0
19,2020-01-20,0.0
20,2020-01-21,0.0
21,2020-01-22,0.0
22,2020-01-23,0.0
23,2020-01-24,0.0
24,2020-01-25,0.0
25,2020-01-26,0.0
26,2020-01-27,0.0
27,2020-01-28,0.0
28,2020-01-29,0.0
29,2020-01-30,0.0
30,2020-01-31,0.0
31,2020-02-01,0.0
32,2020-02-02,0.0
33,2020-02-03,0.0
34,2020-02-04,0.0
35,2020-02-05,0.0
36,2020-02-06,0.0
37,2020-02-07,0.0
38,2020-02-08,0.0
39,2020-02-09,0.0
40,2020-02-10,0.0
41,2020-02-11,0.0
42,2020-02-12,0.0
43,2020-02-13,0.0
44,2020-02-14,0.0
45,2020-02-15,0.0
46,2020-02-16,0.0
47,2020-02-17,0.0
48,2020-02-18,0.0
49,2020-02-19,0.0
50,2020-02-20,0.0
51,2020-02-21,0.0
52,2020-02-22,0.0
53,2020-02-23,0.0
54,2020-02-24,0.0
55,2020-02-25,0.0
56,2020-02-26,0.0
57,2020-02-27,0.0
58,2020-02-28,0.0
59,2020-02-29,0.0
60,2020-03-01,0.0
61,2020-03-02,0.0
62,2020-03-03,0.0
63,2020-03-04,0.0
64,2020-03-05,0.0
65,2020-03-06,0.0
66,2020-03-07,0.19
67,2020-03-08,0.0
68,2020-03-09,1.9
69,2020-03-10,0.0
70,2020-03-11,0.0
71,2020-03-12,0.0
72,2020-03-13,0.32
73,2020-03-14,0.24
74,2020-03-15,0.08
75,2020-03-16,0.12
76,2020-03-17,0.06
77,2020-03-18,0.0
78,2020-03-19,0.0
79,2020-03-20,0.0
80,2020-03-21,0.0
81,2020-03-22,0.0
82,2020-03-23,0.0
83,2020-03-24,0.08
84,2020-03-25,0.0
85,2020-03-26,0.0
86,2020-03-27,0.0
87,2020-03-28,0.1
88,2020-03-29,0.25
89,2020-03-30,0.0
90,2020-03-31,0.0
91,2020-05-01,0.0
92,2020-05-02,0.01
93,2020-05-03,0.0
94,2020-05-04,0.0
95,2020-05-05,0.0
96,2020-05-06,0.0
97,2020-05-07,0.0
98,2020-05-08,0.0
99,2020-05-09,0.0
100,2020-05-10,0.0
101,2020-05-11,0.02
102,2020-05-12,0.09
103,2020-05-13,0.0
104,2020-05-14,0.04
105,2020-05-15,0.0
106,2020-05-16,0.0
107,2020-05-17,0.18
108,2020-05-18,0.13
109,2020-05-19,0.0
110,2020-05-20,0.0
111,2020-05-21,0.0
112,2020-05-22,0.0
113,2020-05-23,0.0
114,2020-05-24,0.0
115,2020-05-25,0.0
116,2020-05-26,0.0
117,2020-05-27,0.0
118,2020-05-28,0.0
119,2020-05-29,0.0
120,2020-05-30,0.01
121,2020-05-31,0.0
122,2020-06-01,0.0
123,2020-06-02,0.0
124,2020-06-03,0.0
125,2020-06-04,0.0
126,2020-06-05,0.0
127,2020-06-06,0.0
128,2020-06-07,0.0
129,2020-06-08,0.0
130,2020-06-09,0.0
131,2020-06-10,0.0
132,2020-06-11,0.0
133,2020-06-12,0.0
134,2020-06-13,0.0
135,2020-06-14,0.0
136,2020-06-15,0.0
137,2020-06-16,0.0
138,2020-06-17,0.0
139,2020-06-18,0.0
140,2020-06-19,0.0
141,2020-06-20,0.0
142,2020-06-21,0.0
143,2020-06-22,0.0
144,2020-06-23,0.0
145,2020-06-24,0.0
146,2020-06-25,0.0
147,2020-06-26,0.0
148,2020-06-27,0.0
149,2020-06-28,0.0
150,2020-06-29,0.0
151,2020-06-30,0.0
152,2020-07-01,0.0
153,2020-07-02,0.0
154,2020-07-03,0.0
155,2020-07-04,0.0
156,2020-07-05,0.0
157,2020-07-06,0.0
158,2020-07-07,0.0
159,2020-07-08,0.0
160,2020-07-09,0.0
161,2020-07-10,0.0
162,2020-07-11,0.0
163,2020-07-12,0.0
164,2020-07-13,0.0
165,2020-07-14,0.0
166,2020-07-15,0.0
167,2020-07-16,0.0
168,2020-07-17,0.0
169,2020-07-18,0.0
170,2020-07-19,0.0
171,2020-07-20,0.0
172,2020-07-21,0.0
173,2020-07-22,0.01
174,2020-07-23,0.0
175,2020-07-24,0.0
176,2020-07-25,0.0
177,2020-07-26,0.0
178,2020-07-27,0.0
179,2020-07-28,0.0
180,2020-07-29,0.0
181,2020-07-30,0.0
182,2020-07-31,0.0
183,2020-08-01,0.0
184,2020-08-02,0.0
185,2020-08-03,0.0
186,2020-08-04,0.0
187,2020-08-05,0.0
188,2020-08-06,0.0
189,2020-08-07,0.0
190,2020-08-08,0.0
191,2020-08-09,0.0
192,2020-08-10,0.0
193,2020-08-11,0.0
194,2020-08-12,0.0
195,2020-08-13,0.0
196,2020-08-14,0.0
197,2020-08-15,0.0
198,2020-08-16,0.03
199,2020-08-17,0.0
200,2020-08-18,0.0
201,2020-08-19,0.0
202,2020-08-20,0.0
203,2020-08-21,0.0
204,2020-08-22,0.0
205,2020-08-23,0.0
206,2020-08-24,0.0
207,2020-08-25,0.0
208,2020-08-26,0.0
209,2020-08-27,0.0
210,2020-08-28,0.0
211,2020-08-29,0.0
212,2020-08-30,0.0
213,2020-08-31,0.0
214,2020-09-01,0.0
215,2020-09-02,0.0
216,2020-09-03,0.0
217,2020-09-04,0.0
218,2020-09-05,0.0
219,2020-09-06,0.0
220,2020-09-07,0.0
221,2020-09-08,0.0
222,2020-09-09,0.0
223,2020-09-10,0.0
224,2020-09-11,0.0
225,2020-09-12,0.0
226,2020-09-13,0.0
227,2020-09-14,0.0
228,2020-09-15,0.0
229,2020-09-16,0.0
230,2020-09-17,0.0
231,2020-09-18,0.0
232,2020-09-19,0.0
233,2020-09-20,0.0
234,2020-09-21,0.0
235,2020-09-22,0.0
236,2020-09-23,0.0
237,2020-09-24,0.0
238,2020-09-25,0.0
239,2020-09-26,0.0
240,2020-09-27,0.0
241,2020-09-28,0.0
242,2020-09-29,0.0
243,2020-09-30,0.0
244,2020-10-01,0.0
245,2020-10-02,0.0
246,2020-10-03,0.0
247,2020-10-04,0.0
248,2020-10-05,0.0
249,2020-10-06,0.0
250,2020-10-07,0.0
251,2020-10-08,0.0
252,2020-10-09,0.0
253,2020-10-10,0.0
254,2020-10-11,0.0
255,2020-10-12,0.0
256,2020-10-13,0.0
257,2020-10-14,0.0
258,2020-10-15,0.0
259,2020-10-16,0.0
260,2020-10-17,0.0
261,2020-10-18,0.0
262,2020-10-19,0.0
263,2020-10-20,0.0
264,2020-10-21,0.0
265,2020-10-22,0.0
266,2020-10-23,0.0
267,2020-10-24,0.0
268,2020-10-25,0.0
269,2020-10-26,0.0
270,2020-10-27,0.0
271,2020-10-28,0.0
272,2020-10-29,0.0
273,2020-10-30,0.0
274,2020-10-31,0.0
275,2020-11-01,0.0
276,2020-11-02,0.0
277,2020-11-03,0.0
278,2020-11-04,0.0
279,2020-11-05,0.0
280,2020-11-06,0.0
281,2020-11-07,0.0
282,2020-11-08,0.0
283,2020-11-09,0.0
284,2020-11-10,0.0
285,2020-11-11,0.0
286,2020-11-12,0.0
287,2020-11-13,0.16
288,2020-11-14,0.0
289,2020-11-15,0.0
290,2020-11-16,0.0
291,2020-11-17,0.45
292,2020-11-18,0.06
293,2020-11-19,0.01
294,2020-11-20,0.0
295,2020-11-21,0.0
296,2020-11-22,0.0
297,2020-11-23,0.0
298,2020-11-24,0.0
299,2020-11-25,0.0
300,2020-11-26,0.0
301,2020-11-27,0.0
302,2020-11-28,0.0
303,2020-11-29,0.0
304,2020-11-30,0.0
305,2020-12-01,0.0
306,2020-12-02,0.0
307,2020-12-03,0.0
308,2020-12-04,0.0
309,2020-12-05,0.0
310,2020-12-06,0.0
311,2020-12-07,0.0
312,2020-12-08,0.0
313,2020-12-09,0.0
314,2020-12-10,0.0
315,2020-12-11,0.42
316,2020-12-12,0.18
317,2020-12-13,0.54
318,2020-12-14,0.0
319,2020-12-15,0.0
320,2020-12-16,0.04
321,2020-12-17,0.39
322,2020-12-18,0.0
323,2020-12-19,0.0
324,2020-12-20,0.0
325,2020-12-21,0.0
326,2020-12-22,0.0
327,2020-12-23,0.0
328,2020-12-24,0.0
329,2020-12-25,0.18
330,2020-12-26,0.0
331,2020-12-27,0.0
332,2020-12-28,0.1
333,2020-12-29,0.0
334,2020-12-30,0.04
335,2020-12-31,0.0
336,2021-01-01,0.0
337,2021-01-02,0.27
338,2021-01-03,0.0
339,2021-01-04,0.37
340,2021-01-05,0.0
341,2021-01-06,0.04
342,2021-01-07,0.0
343,2021-01-08,0.03
344,2021-01-09,0.01
345,2021-01-10,0.0
346,2021-01-11,0.0
347,2021-01-12,0.0
348,2021-01-13,0.0
349,2021-01-14,0.0
350,2021-01-15,0.0
351,2021-01-16,0.0
352,2021-01-17,0.0
353,2021-01-18,0.0
354,2021-01-19,0.0
355,2021-01-20,0.0
356,2021-01-21,0.0
357,2021-01-22,0.14
358,2021-01-23,0.0
359,2021-01-24,0.1
360,2021-01-25,0.0
361,2021-01-26,0.61
362,2021-01-27,0.43
363,2021-01-28,0.65
364,2021-01-29,0.37
365,2021-01-30,0.0
366,2021-01-31,0.0
367,2021-02-01,0.18
368,2021-02-02,0.14
369,2021-02-03,0.0
370,2021-02-04,0.0
371,2021-02-05,0.0
372,2021-02-06,0.0
373,2021-02-07,0.0
374,2021-02-08,0.0
375,2021-02-09,0.0
376,2021-02-10,0.0
377,2021-02-11,0.57
378,2021-02-12,0.0
379,2021-02-13,0.04
380,2021-02-14,0.08
381,2021-02-15,0.27
382,2021-02-16,0.0
383,2021-02-17,0.0
384,2021-02-18,0.0
385,2021-02-19,0.11
386,2021-02-20,0.04
387,2021-02-21,0.0
388,2021-02-22,0.0
389,2021-02-23,0.0
390,2021-02-24,0.0
391,2021-02-25,0.0
392,2021-02-26,0.0
393,2021-02-27,0.0
394,2021-02-28,0.0
395,2021-03-01,0.0
396,2021-03-02,0.0
397,2021-03-03,0.0
398,2021-03-04,0.0
399,2021-03-05,0.28
400,2021-03-06,0.01
401,2021-03-07,0.0
402,2021-03-08,0.0
403,2021-03-09,0.38
404,2021-03-10,0.38
405,2021-03-11,0.0
406,2021-03-12,0.0
407,2021-03-13,0.0
408,2021-03-14,0.09
409,2021-03-15,0.0
410,2021-03-16,0.0
411,2021-03-17,0.0
412,2021-03-18,0.46
413,2021-03-19,0.0
414,2021-03-20,0.0
415,2021-03-21,0.0
416,2021-03-22,0.0
417,2021-03-23,0.0
418,2021-03-24,0.0
419,2021-03-25,0.0
420,2021-03-26,0.0
421,2021-03-27,0.0
422,2021-03-28,0.0
423,2021-03-29,0.0
424,2021-03-30,0.0
425,2021-03-31,0.0
426,2021-04-01,0.0
427,2021-04-02,0.0
428,2021-04-03,0.0
429,2021-04-04,0.0
430,2021-04-05,0.0
431,2021-04-06,0.0
432,2021-04-07,0.0
433,2021-04-08,0.0
434,2021-04-09,0.0
435,2021-04-10,0.0
436,2021-04-11,0.0
437,2021-04-12,0.0
438,2021-04-13,0.0
439,2021-04-14,0.0
440,2021-04-15,0.0
441,2021-04-16,0.0
442,2021-04-17,0.0
443,2021-04-18,0.0
444,2021-04-19,0.0
445,2021-04-20,0.0
446,2021-04-21,0.0
447,2021-04-22,0.0
448,2021-04-23,0.0
449,2021-04-24,0.0
450,2021-04-25,0.1
451,2021-04-26,0.0
452,2021-04-27,0.0
453,2021-04-28,0.0
454,2021-04-29,0.0
455,2021-04-30,0.0
456,2021-05-01,0.0
457,2021-05-02,0.0
458,2021-05-03,0.0
459,2021-05-04,0.0
460,2021-05-05,0.0
461,2021-05-06,0.0
462,2021-05-07,0.0
463,2021-05-08,0.0
464,2021-05-09,0.0
465,2021-05-10,0.0
466,2021-05-11,0.0
467,2021-05-12,0.0
468,2021-05-13,0.0
469,2021-05-14,0.0
470,2021-05-15,0.0
471,2021-05-16,0.0
472,2021-05-17,0.0
473,2021-05-18,0.0
474,2021-05-19,0.0
475,2021-05-20,0.0
476,2021-05-21,0.0
477,2021-05-22,0.0
478,2021-05-23,0.0
479,2021-05-24,0.0
480,2021-05-25,0.0
481,2021-05-26,0.0
482,2021-05-27,0.0
483,2021-05-28,0.0
484,2021-05-29,0.0
485,2021-05-30,0.0
486,2021-05-31,0.0
487,2021-06-01,0.0
488,2021-06-02,0.0
489,2021-06-03,0.0
490,2021-06-04,0.0
491,2021-06-05,0.0
492,2021-06-06,0.0
493,2021-06-07,0.0
494,2021-06-08,0.0
495,2021-06-09,0.0
496,2021-06-10,0.0
497,2021-06-11,0.0
498,2021-06-12,0.0
499,2021-06-13,0.0
500,2021-06-14,0.0
501,2021-06-15,0.0
502,2021-06-16,0.0
503,2021-06-17,0.0
504,2021-06-18,0.0
505,2021-06-19,0.0
506,2021-06-20,0.0
507,2021-06-21,0.0
508,2021-06-22,0.0
509,2021-06-23,0.0
510,2021-06-24,0.0
511,2021-06-25,0.0
512,2021-06-26,0.0
513,2021-06-27,0.0
514,2021-06-28,0.0
515,2021-06-29,0.0
516,2021-06-30,0.0
517,2021-07-01,0.02
518,2021-07-02,0.0
519,2021-07-03,0.0
520,2021-07-04,0.0
521,2021-07-05,0.0
522,2021-07-06,0.0
523,2021-07-07,0.0
524,2021-07-08,0.0
525,2021-07-09,0.0
526,2021-07-10,0.0
527,2021-07-11,0.0
528,2021-07-12,0.0
529,2021-07-13,0.0
530,2021-07-14,0.0
531,2021-07-15,0.0
532,2021-07-16,0.0
533,2021-07-17,0.0
534,2021-07-18,0.0
535,2021-07-19,0.0
536,2021-07-20,0.0
537,2021-07-21,0.0
538,2021-07-22,0.0
539,2021-07-23,0.0
540,2021-07-24,0.0
541,2021-07-25,0.0
542,2021-07-26,0.0
543,2021-07-27,0.0
544,2021-07-28,0.0
545,2021-07-29,0.0
546,2021-07-30,0.0
547,2021-07-31,0.0
548,2021-08-01,0.0
549,2021-08-02,0.0
550,2021-08-03,0.0
551,2021-08-04,0.0
552,2021-08-05,0.0
553,2021-08-06,0.0
554,2021-08-07,0.0
555,2021-08-08,0.0
556,2021-08-09,0.0
557,2021-08-10,0.0
558,2021-08-11,0.0
559,2021-08-12,0.0
560,2021-08-13,0.0
561,2021-08-14,0.0
562,2021-08-15,0.0
563,2021-08-16,0.0
564,2021-08-17,0.0
565,2021-08-18,0.0
566,2021-08-19,0.0
567,2021-08-20,0.0
568,2021-08-21,0.0
569,2021-08-22,0.0
570,2021-08-23,0.0
571,2021-08-24,0.0
572,2021-08-25,0.0
573,2021-08-26,0.0
574,2021-08-27,0.0
575,2021-08-28,0.0
576,2021-08-29,0.0
577,2021-08-30,0.0
578,2021-08-31,0.0
579,2021-09-01,0.0
580,2021-09-02,0.0
581,2021-09-03,0.0
582,2021-09-04,0.0
583,2021-09-05,0.0
584,2021-09-06,0.0
585,2021-09-07,0.0
586,2021-09-08,0.0
587,2021-09-09,0.0
588,2021-09-10,0.0
589,2021-09-11,0.0
590,2021-09-12,0.0
591,2021-09-13,0.0
592,2021-09-14,0.0
593,2021-09-15,0.0
594,2021-09-16,0.0
595,2021-09-17,0.0
596,2021-09-18,0.0
597,2021-09-19,0.0
598,2021-09-20,0.0
599,2021-09-21,0.0
600,2021-09-22,0.0
601,2021-09-23,0.0
602,2021-09-24,0.0
603,2021-09-25,0.0
604,2021-09-26,0.0
605,2021-09-27,0.0
606,2021-09-28,0.0
607,2021-09-29,0.0
608,2021-09-30,0.0
609,2021-10-01,0.0
610,2021-10-02,0.0
611,2021-10-03,0.0
612,2021-10-04,0.0
613,2021-10-05,0.0
614,2021-10-06,0.0
615,2021-10-07,0.0
616,2021-10-08,0.0
617,2021-10-09,0.0
618,2021-10-10,0.0
619,2021-10-11,0.0
620,2021-10-12,0.0
621,2021-10-13,0.81
622,2021-10-14,0.0
623,2021-10-15,0.0
624,2021-10-16,0.0
625,2021-10-17,0.01
626,2021-10-18,0.0
627,2021-10-19,0.0
628,2021-10-20,0.09
629,2021-10-21,0.55
630,2021-10-22,0.63
631,2021-10-23,0.03
632,2021-10-24,2.24
633,2021-10-25,0.34
634,2021-10-26,0.0
635,2021-10-27,0.0
636,2021-10-28,0.0
637,2021-10-29,0.0
638,2021-10-30,0.0
639,2021-10-31,0.0
640,2021-11-01,0.25
641,2021-11-02,0.02
642,2021-11-03,0.0
643,2021-11-04,0.15
644,2021-11-05,0.0
645,2021-11-06,0.0
646,2021-11-07,0.0
647,2021-11-08,0.71
648,2021-11-09,0.1
649,2021-11-10,0.01
650,2021-11-11,0.0
651,2021-11-12,0.0
652,2021-11-13,0.0
653,2021-11-14,0.0
654,2021-11-15,0.0
655,2021-11-16,0.0
656,2021-11-17,0.0
657,2021-11-18,0.0
658,2021-11-19,0.01
659,2021-11-20,0.0
660,2021-11-21,0.01
661,2021-11-22,0.0
662,2021-11-23,0.0
663,2021-11-24,0.0
664,2021-11-25,0.0
665,2021-11-26,0.0
666,2021-11-27,0.0
667,2021-11-28,0.0
668,2021-11-29,0.0
669,2021-11-30,0.0
670,2021-12-01,0.0
671,2021-12-02,0.0
672,2021-12-03,0.0
673,2021-12-04,0.0
674,2021-12-05,0.0
675,2021-12-06,0.02
676,2021-12-07,0.05
677,2021-12-08,0.0
678,2021-12-09,0.0
679,2021-12-10,0.0
680,2021-12-11,0.0
681,2021-12-12,0.6
682,2021-12-13,3.49
683,2021-12-14,0.28
684,2021-12-15,0.91
685,2021-12-16,0.21
686,2021-12-17,0.0
687,2021-12-18,0.0
688,2021-12-19,0.0
689,2021-12-20,0.0
690,2021-12-21,0.2
691,2021-12-22,0.67
692,2021-12-23,1.18
693,2021-12-24,0.14
694,2021-12-25,0.5
695,2021-12-26,0.12
696,2021-12-27,0.39
697,2021-12-28,0.0
698,2021-12-29,0.73
699,2021-12-30,0.0
700,2021-12-31,0.0
701,2022-01-01,0.0
702,2022-01-02,0.0
703,2022-01-03,0.35
704,2022-01-04,0.11
705,2022-01-05,0.0
706,2022-01-06,0.02
707,2022-01-07,0.05
708,2022-01-08,0.0
709,2022-01-09,0.0
710,2022-01-10,0.0
711,2022-01-11,0.0
712,2022-01-12,0.0
713,2022-01-13,0.0
714,2022-01-14,0.0
715,2022-01-15,0.0
716,2022-01-16,0.0
717,2022-01-17,0.0
718,2022-01-18,0.0
719,2022-01-19,0.0
720,2022-01-20,0.0
721,2022-01-21,0.0
722,2022-01-22,0.0
723,2022-01-23,0.0
724,2022-01-24,0.0
725,2022-01-25,0.0
726,2022-01-26,0.0
727,2022-01-27,0.0
728,2022-01-28,0.0
729,2022-01-29,0.0
730,2022-01-30,0.0
731,2022-01-31,0.0
732,2020-01-01,0.0
733,2020-01-02,0.0
734,2020-01-03,0.0
735,2020-01-04,0.0
736,2020-01-05,0.0
737,2020-01-06,0.0
738,2020-01-07,0.01
739,2020-01-08,0.0
740,2020-01-09,0.25
741,2020-01-10,0.0
742,2020-01-11,0.15
743,2020-01-12,0.0
744,2020-01-13,0.02
745,2020-01-14,0.28
746,2020-01-15,0.0
747,2020-01-16,1.24
748,2020-01-17,0.0
749,2020-01-18,0.0
750,2020-01-19,0.0
751,2020-01-20,0.0
752,2020-01-21,0.18
753,2020-01-22,0.0
754,2020-01-23,0.0
755,2020-01-24,0.0
756,2020-01-25,0.0
757,2020-01-26,0.23
758,2020-01-27,0.0
759,2020-01-28,0.09
760,2020-01-29,0.0
761,2020-01-30,0.0
762,2020-01-31,0.0
763,2020-02-01,0.0
764,2020-02-02,0.0
765,2020-02-03,0.0
766,2020-02-04,0.0
767,2020-02-05,0.0
768,2020-02-06,0.0
769,2020-02-07,0.0
770,2020-02-08,0.0
771,2020-02-09,0.0
772,2020-02-10,0.0
773,2020-02-11,0.0
774,2020-02-12,0.0
775,2020-02-13,0.0
776,2020-02-14,0.0
777,2020-02-15,0.0
778,2020-02-16,0.0
779,2020-02-17,0.0
780,2020-02-18,0.0
781,2020-02-19,0.0
782,2020-02-20,0.0
783,2020-02-21,0.0
784,2020-02-22,0.0
785,2020-02-23,0.0
786,2020-02-24,0.0
787,2020-02-25,0.0
788,2020-02-26,0.0
789,2020-02-27,0.0
790,2020-02-28,0.0
791,2020-02-29,0.0
792,2020-03-01,0.0
793,2020-03-02,0.0
794,2020-03-03,0.0
795,2020-03-04,0.0
796,2020-03-05,0.0
797,2020-03-06,0.01
798,2020-03-07,0.17
799,2020-03-08,0.0
800,2020-03-09,0.0
801,2020-03-10,0.0
802,2020-03-11,0.0
803,2020-03-12,0.0
804,2020-03-13,0.0
805,2020-03-14,0.59
806,2020-03-15,0.3
807,2020-03-16,0.07
808,2020-03-17,0.0
809,2020-03-18,0.03
810,2020-03-19,0.0
811,2020-03-20,0.0
812,2020-03-21,0.0
813,2020-03-22,0.0
814,2020-03-23,0.0
815,2020-03-24,0.08
816,2020-03-25,0.0
817,2020-03-26,0.0
818,2020-03-27,0.0
819,2020-03-28,0.05
820,2020-03-29,0.14
821,2020-03-30,0.0
822,2020-03-31,0.0
823,2020-04-01,0.0
824,2020-04-02,0.0
825,2020-04-03,0.0
826,2020-04-04,0.23
827,2020-04-05,0.24
828,2020-04-06,0.25
829,2020-04-07,0.0
830,2020-04-08,0.0
831,2020-04-09,0.0
832,2020-04-10,0.0
833,2020-04-11,0.0
834,2020-04-12,0.0
835,2020-04-13,0.0
836,2020-04-14,0.0
837,2020-04-15,0.0
838,2020-04-16,0.0
839,2020-04-17,0.0
840,2020-04-18,0.0
841,2020-04-19,0.0
842,2020-04-20,0.0
843,2020-04-21,0.0
844,2020-04-22,0.0
845,2020-04-23,0.0
846,2020-04-24,0.0
847,2020-04-25,0.0
848,2020-04-26,0.0
849,2020-04-27,0.0
850,2020-04-28,0.0
851,2020-04-29,0.0
852,2020-04-30,0.0
853,2020-05-01,0.0
854,2020-05-02,0.0
855,2020-05-03,0.0
856,2020-05-04,0.0
857,2020-05-05,0.0
858,2020-05-06,0.0
859,2020-05-07,0.0
860,2020-05-08,0.0
861,2020-05-09,0.0
862,2020-05-10,0.0
863,2020-05-11,0.03
864,2020-05-12,0.08
865,2020-05-13,0.02
866,2020-05-14,0.08
867,2020-05-15,0.01
868,2020-05-16,0.0
869,2020-05-17,0.24
870,2020-05-18,0.12
871,2020-05-19,0.0
872,2020-05-20,0.0
873,2020-05-21,0.0
874,2020-05-22,0.0
875,2020-05-23,0.0
876,2020-05-24,0.0
877,2020-05-25,0.0
878,2020-05-26,0.0
879,2020-05-27,0.0
880,2020-05-28,0.0
881,2020-05-29,0.0
882,2020-05-30,0.01
883,2020-05-31,0.0
884,2020-06-01,0.0
885,2020-06-02,0.0
886,2020-06-03,0.0
887,2020-06-04,0.0
888,2020-06-05,0.0
889,2020-06-06,0.0
890,2020-06-07,0.0
891,2020-06-08,0.0
892,2020-06-09,0.0
893,2020-06-10,0.0
894,2020-06-11,0.0
895,2020-06-12,0.0
896,2020-06-13,0.0
897,2020-06-14,0.0
898,2020-06-15,0.0
899,2020-06-16,0.0
900,2020-06-17,0.0
901,2020-06-18,0.0
902,2020-06-19,0.0
903,2020-06-20,0.0
904,2020-06-21,0.0
905,2020-06-22,0.0
906,2020-06-23,0.0
907,2020-06-24,0.0
908,2020-06-25,0.0
909,2020-06-26,0.0
910,2020-06-27,0.0
911,2020-06-28,0.0
912,2020-06-29,0.0
913,2020-06-30,0.0
914,2020-07-01,0.0
915,2020-07-02,0.0
916,2020-07-03,0.0
917,2020-07-04,0.0
918,2020-07-05,0.0
919,2020-07-06,0.0
920,2020-07-07,0.0
921,2020-07-08,0.0
922,2020-07-09,0.0
923,2020-07-10,0.0
924,2020-07-11,0.0
925,2020-07-12,0.0
926,2020-07-13,0.0
927,2020-07-14,0.0
928,2020-07-15,0.0
929,2020-07-16,0.0
930,2020-07-17,0.0
931,2020-07-18,0.0
932,2020-07-19,0.0
933,2020-07-20,0.0
934,2020-07-21,0.0
935,2020-07-22,0.03
936,2020-07-23,0.0
937,2020-07-24,0.0
938,2020-07-25,0.0
939,2020-07-26,0.0
940,2020-07-27,0.0
941,2020-07-28,0.0
942,2020-07-29,0.0
943,2020-07-30,0.0
944,2020-07-31,0.0
945,2020-08-01,0.0
946,2020-08-02,0.0
947,2020-08-03,0.0
948,2020-08-04,0.0
949,2020-08-05,0.0
950,2020-08-06,0.0
951,2020-08-07,0.0
952,2020-08-08,0.0
953,2020-08-09,0.0
954,2020-08-10,0.0
955,2020-08-11,0.0
956,2020-08-12,0.0
957,2020-08-13,0.0
958,2020-08-14,0.0
959,2020-08-15,0.0
960,2020-08-16,0.01
961,2020-08-17,0.0
962,2020-08-18,0.0
963,2020-08-19,0.0
964,2020-08-20,0.0
965,2020-08-21,0.0
966,2020-08-22,0.0
967,2020-08-23,0.0
968,2020-08-24,0.0
969,2020-08-25,0.0
970,2020-08-26,0.0
971,2020-08-27,0.0
972,2020-08-28,0.0
973,2020-08-29,0.0
974,2020-08-30,0.0
975,2020-08-31,0.0
976,2020-09-01,0.0
977,2020-09-02,0.0
978,2020-09-03,0.0
979,2020-09-04,0.0
980,2020-09-05,0.0
981,2020-09-06,0.0
982,2020-09-07,0.0
983,2020-09-08,0.0
984,2020-09-09,0.0
985,2020-09-10,0.0
986,2020-09-11,0.0
987,2020-09-12,0.0
988,2020-09-13,0.0
989,2020-09-14,0.0
990,2020-09-15,0.0
991,2020-09-16,0.0
992,2020-09-17,0.0
993,2020-09-18,0.0
994,2020-09-19,0.0
995,2020-09-20,0.0
996,2020-09-21,0.0
997,2020-09-22,0.0
998,2020-09-23,0.0
999,2020-09-24,0.0
1000,2020-09-25,0.0
1001,2020-09-26,0.0
1002,2020-09-27,0.0
1003,2020-09-28,0.0
1004,2020-09-29,0.0
1005,2020-09-30,0.0
1006,2020-10-01,0.0
1007,2020-10-02,0.0
1008,2020-10-03,0.0
1009,2020-10-04,0.0
1010,2020-10-05,0.0
1011,2020-10-06,0.01
1012,2020-10-07,0.0
1013,2020-10-08,0.0
1014,2020-10-09,0.0
1015,2020-10-10,0.0
1016,2020-10-11,0.0
1017,2020-10-12,0.0
1018,2020-10-13,0.0
1019,2020-10-14,0.0
1020,2020-10-15,0.0
1021,2020-10-16,0.0
1022,2020-10-17,0.0
1023,2020-10-18,0.0
1024,2020-10-19,0.0
1025,2020-10-20,0.0
1026,2020-10-21,0.0
1027,2020-10-22,0.0
1028,2020-10-23,0.0
1029,2020-10-24,0.0
1030,2020-10-25,0.0
1031,2020-10-26,0.0
1032,2020-10-27,0.0
1033,2020-10-28,0.0
1034,2020-10-29,0.0
1035,2020-10-30,0.0
1036,2020-10-31,0.0
1037,2020-11-01,0.0
1038,2020-11-02,0.0
1039,2020-11-03,0.0
1040,2020-11-04,0.0
1041,2020-11-05,0.0
1042,2020-11-06,0.0
1043,2020-11-07,0.0
1044,2020-11-08,0.0
1045,2020-11-09,0.0
1046,2020-11-10,0.0
1047,2020-11-11,0.0
1048,2020-11-12,0.0
1049,2020-11-13,0.07
1050,2020-11-14,0.0
1051,2020-11-15,0.0
1052,2020-11-16,0.0
1053,2020-11-17,0.31
1054,2020-11-18,0.11
1055,2020-11-19,0.0
1056,2020-11-20,0.0
1057,2020-11-21,0.0
1058,2020-11-22,0.0
1059,2020-11-23,0.0
1060,2020-11-24,0.0
1061,2020-11-25,0.0
1062,2020-11-26,0.0
1063,2020-11-27,0.0
1064,2020-11-28,0.0
1065,2020-11-29,0.0
1066,2020-11-30,0.0
1067,2020-12-01,0.0
1068,2020-12-02,0.0
1069,2020-12-03,0.0
1070,2020-12-04,0.0
1071,2020-12-05,0.0
1072,2020-12-06,0.0
1073,2020-12-07,0.0
1074,2020-12-08,0.0
1075,2020-12-09,0.0
1076,2020-12-10,0.0
1077,2020-12-11,0.32
1078,2020-12-12,0.12
1079,2020-12-13,0.75
1080,2020-12-14,0.0
1081,2020-12-15,0.0
1082,2020-12-16,0.0
1083,2020-12-17,0.39
1084,2020-12-18,0.0
1085,2020-12-19,0.0
1086,2020-12-20,0.0
1087,2020-12-21,0.0
1088,2020-12-22,0.0
1089,2020-12-23,0.0
1090,2020-12-24,0.0
1091,2020-12-25,0.33
1092,2020-12-26,0.0
1093,2020-12-27,0.0
1094,2020-12-28,0.11
1095,2020-12-29,0.0
1096,2020-12-30,0.03
1097,2020-12-31,0.02
1098,2021-01-01,0.01
1099,2021-01-02,0.2
1100,2021-01-03,0.0
1101,2021-01-04,0.24
1102,2021-01-05,0.0
1103,2021-01-06,0.03
1104,2021-01-07,0.0
1105,2021-01-08,0.04
1106,2021-01-09,0.0
1107,2021-01-10,0.0
1108,2021-01-11,0.0
1109,2021-01-12,0.0
1110,2021-01-13,0.0
1111,2021-01-14,0.0
1112,2021-01-15,0.0
1113,2021-01-16,0.0
1114,2021-01-17,0.0
1115,2021-01-18,0.0
1116,2021-01-19,0.0
1117,2021-01-20,0.0
1118,2021-01-21,0.0
1119,2021-01-22,0.13
1120,2021-01-23,0.0
1121,2021-01-24,0.1
1122,2021-01-25,0.01
1123,2021-01-26,0.35
1124,2021-01-27,0.63
1125,2021-01-28,0.61
1126,2021-01-29,0.47
1127,2021-01-30,0.0
1128,2021-01-31,0.0
1129,2021-02-01,0.3
1130,2021-02-02,0.22
1131,2021-02-03,0.0
1132,2021-02-04,0.0
1133,2021-02-05,0.0
1134,2021-02-06,0.0
1135,2021-02-07,0.0
1136,2021-02-08,0.0
1137,2021-02-09,0.0
1138,2021-02-10,0.0
1139,2021-02-11,0.52
1140,2021-02-12,0.0
1141,2021-02-13,0.08
1142,2021-02-14,0.04
1143,2021-02-15,0.25
1144,2021-02-16,0.0
1145,2021-02-17,0.0
1146,2021-02-18,0.0
1147,2021-02-19,0.28
1148,2021-02-20,0.02
1149,2021-02-21,0.0
1150,2021-02-22,0.0
1151,2021-02-23,0.0
1152,2021-02-24,0.0
1153,2021-02-25,0.0
1154,2021-02-26,0.0
1155,2021-02-27,0.0
1156,2021-02-28,0.0
1157,2021-03-01,0.0
1158,2021-03-02,0.0
1159,2021-03-03,0.0
1160,2021-03-04,0.0
1161,2021-03-05,0.22
1162,2021-03-06,0.05
1163,2021-03-07,0.0
1164,2021-03-08,0.0
1165,2021-03-09,0.31
1166,2021-03-10,0.3
1167,2021-03-11,0.14
1168,2021-03-12,0.0
1169,2021-03-13,0.0
1170,2021-03-14,0.16
1171,2021-03-15,0.0
1172,2021-03-16,0.0
1173,2021-03-17,0.0
1174,2021-03-18,0.43
1175,2021-03-19,0.01
1176,2021-03-20,0.0
1177,2021-03-21,0.0
1178,2021-03-22,0.0
1179,2021-03-23,0.0
1180,2021-03-24,0.0
1181,2021-03-25,0.0
1182,2021-03-26,0.0
1183,2021-03-27,0.0
1184,2021-03-28,0.0
1185,2021-03-29,0.0
1186,2021-03-30,0.0
1187,2021-03-31,0.0
1188,2021-04-01,0.0
1189,2021-04-02,0.0
1190,2021-04-03,0.0
1191,2021-04-04,0.0
1192,2021-04-05,0.0
1193,2021-04-06,0.0
1194,2021-04-07,0.0
1195,2021-04-08,0.0
1196,2021-04-09,0.0
1197,2021-04-10,0.0
1198,2021-04-11,0.0
1199,2021-04-12,0.0
1200,2021-04-13,0.0
1201,2021-04-14,0.0
1202,2021-04-15,0.0
1203,2021-04-16,0.0
1204,2021-04-17,0.0
1205,2021-04-18,0.0
1206,2021-04-19,0.0
1207,2021-04-20,0.0
1208,2021-04-21,0.0
1209,2021-04-22,0.0
1210,2021-04-23,0.0
1211,2021-04-24,0.04
1212,2021-04-25,0.13
1213,2021-04-26,0.0
1214,2021-04-27,0.0
1215,2021-04-28,0.0
1216,2021-04-29,0.0
1217,2021-04-30,0.0
1218,2021-05-01,0.01
1219,2021-05-02,0.0
1220,2021-05-03,0.0
1221,2021-05-04,0.0
1222,2021-05-05,0.0
1223,2021-05-06,0.0
1224,2021-05-07,0.0
1225,2021-05-08,0.0
1226,2021-05-09,0.0
1227,2021-05-10,0.0
1228,2021-05-11,0.0
1229,2021-05-12,0.0
1230,2021-05-13,0.0
1231,2021-05-14,0.0
1232,2021-05-15,0.0
1233,2021-05-16,0.0
1234,2021-05-17,0.01
1235,2021-05-18,0.0
1236,2021-05-19,0.0
1237,2021-05-20,0.0
1238,2021-05-21,0.0
1239,2021-05-22,0.0
1240,2021-05-23,0.0
1241,2021-05-24,0.0
1242,2021-05-25,0.0
1243,2021-05-26,0.0
1244,2021-05-27,0.0
1245,2021-05-28,0.0
1246,2021-05-29,0.0
1247,2021-05-30,0.0
1248,2021-05-31,0.0
1249,2021-06-01,0.0
1250,2021-06-02,0.0
1251,2021-06-03,0.0
1252,2021-06-04,0.0
1253,2021-06-05,0.0
1254,2021-06-06,0.0
1255,2021-06-07,0.0
1256,2021-06-08,0.0
1257,2021-06-09,0.0
1258,2021-06-10,0.0
1259,2021-06-11,0.0
1260,2021-06-12,0.0
1261,2021-06-13,0.0
1262,2021-06-14,0.01
1263,2021-06-15,0.0
1264,2021-06-16,0.0
1265,2021-06-17,0.0
1266,2021-06-18,0.0
1267,2021-06-19,0.0
1268,2021-06-20,0.0
1269,2021-06-21,0.0
1270,2021-06-22,0.0
1271,2021-06-23,0.0
1272,2021-06-24,0.0
1273,2021-06-25,0.0
1274,2021-06-26,0.0
1275,2021-06-27,0.0
1276,2021-06-28,0.0
1277,2021-06-29,0.0
1278,2021-06-30,0.0
1279,2021-07-01,0.0
1280,2021-07-02,0.0
1281,2021-07-03,0.0
1282,2021-07-04,0.0
1283,2021-07-05,0.0
1284,2021-07-06,0.0
1285,2021-07-07,0.0
1286,2021-07-08,0.0
1287,2021-07-09,0.0
1288,2021-07-10,0.0
1289,2021-07-11,0.0
1290,2021-07-12,0.0
1291,2021-07-13,0.0
1292,2021-07-14,0.0
1293,2021-07-15,0.0
1294,2021-07-16,0.0
1295,2021-07-17,0.0
1296,2021-07-18,0.0
1297,2021-07-19,0.0
1298,2021-07-20,0.0
1299,2021-07-21,0.0
1300,2021-07-22,0.0
1301,2021-07-23,0.0
1302,2021-07-24,0.0
1303,2021-07-25,0.0
1304,2021-07-26,0.0
1305,2021-07-27,0.0
1306,2021-07-28,0.0
1307,2021-07-29,0.0
1308,2021-07-30,0.0
1309,2021-07-31,0.0
1310,2021-08-01,0.0
1311,2021-08-02,0.0
1312,2021-08-03,0.0
1313,2021-08-04,0.01
1314,2021-08-05,0.04
1315,2021-08-06,0.0
1316,2021-08-07,0.0
1317,2021-08-08,0.0
1318,2021-08-09,0.0
1319,2021-08-10,0.0
1320,2021-08-11,0.0
1321,2021-08-12,0.0
1322,2021-08-13,0.0
1323,2021-08-14,0.0
1324,2021-08-15,0.0
1325,2021-08-16,0.0
1326,2021-08-17,0.0
1327,2021-08-18,0.0
1328,2021-08-19,0.0
1329,2021-08-20,0.0
1330,2021-08-21,0.0
1331,2021-08-22,0.0
1332,2021-08-23,0.0
1333,2021-08-24,0.0
1334,2021-08-25,0.0
1335,2021-08-26,0.0
1336,2021-08-27,0.0
1337,2021-08-28,0.0
1338,2021-08-29,0.0
1339,2021-08-30,0.0
1340,2021-08-31,0.0
1341,2021-09-01,0.0
1342,2021-09-02,0.0
1343,2021-09-03,0.0
1344,2021-09-04,0.0
1345,2021-09-05,0.0
1346,2021-09-06,0.0
1347,2021-09-07,0.0
1348,2021-09-08,0.0
1349,2021-09-09,0.0
1350,2021-09-10,0.02
1351,2021-09-11,0.0
1352,2021-09-12,0.0
1353,2021-09-13,0.0
1354,2021-09-14,0.0
1355,2021-09-15,0.0
1356,2021-09-16,0.0
1357,2021-09-17,0.0
1358,2021-09-18,0.02
1359,2021-09-19,0.0
1360,2021-09-20,0.0
1361,2021-09-21,0.0
1362,2021-09-22,0.0
1363,2021-09-23,0.0
1364,2021-09-24,0.0
1365,2021-09-25,0.0
1366,2021-09-26,0.0
1367,2021-09-27,0.03
1368,2021-09-28,0.0
1369,2021-09-29,0.0
1370,2021-09-30,0.0
1371,2021-10-01,0.0
1372,2021-10-02,0.0
1373,2021-10-03,0.0
1374,2021-10-04,0.0
1375,2021-10-05,0.0
1376,2021-10-06,0.0
1377,2021-10-07,0.0
1378,2021-10-08,0.0
1379,2021-10-09,0.0
1380,2021-10-10,0.0
1381,2021-10-11,0.0
1382,2021-10-12,0.0
1383,2021-10-13,0.0
1384,2021-10-14,0.0
1385,2021-10-15,0.0
1386,2021-10-16,0.0
1387,2021-10-17,0.08
1388,2021-10-18,0.0
1389,2021-10-19,0.03
1390,2021-10-20,0.49
1391,2021-10-21,0.63
1392,2021-10-22,0.66
1393,2021-10-23,0.82
1394,2021-10-24,4.02
1395,2021-10-25,0.31
1396,2021-10-26,0.0
1397,2021-10-27,0.0
1398,2021-10-28,0.0
1399,2021-10-29,0.0
1400,2021-10-30,0.0
1401,2021-10-31,0.0
1402,2021-11-01,0.23
1403,2021-11-02,0.0
1404,2021-11-03,0.0
1405,2021-11-04,0.14
1406,2021-11-05,0.0
1407,2021-11-06,0.0
1408,2021-11-07,0.0
1409,2021-11-08,0.56
1410,2021-11-09,0.34
1411,2021-11-10,0.0
1412,2021-11-11,0.0
1413,2021-11-12,0.0
1414,2021-11-13,0.0
1415,2021-11-14,0.0
1416,2021-11-15,0.0
1417,2021-11-16,0.0
1418,2021-11-17,0.0
1419,2021-11-18,0.0
1420,2021-11-19,0.01
1421,2021-11-20,0.0
1422,2021-11-21,0.0
1423,2021-11-22,0.0
1424,2021-11-23,0.0
1425,2021-11-24,0.0
1426,2021-11-25,0.0
1427,2021-11-26,0.0
1428,2021-11-27,0.0
1429,2021-11-28,0.0
1430,2021-11-29,0.0
1431,2021-11-30,0.0
1432,2021-12-01,0.0
1433,2021-12-02,0.0
1434,2021-12-03,0.0
1435,2021-12-04,0.0
1436,2021-12-05,0.0
1437,2021-12-06,0.01
1438,2021-12-07,0.03
1439,2021-12-08,0.0
1440,2021-12-09,0.01
1441,2021-12-10,0.0
1442,2021-12-11,0.0
1443,2021-12-12,0.6
1444,2021-12-13,2.57
1445,2021-12-14,0.21
1446,2021-12-15,0.5
1447,2021-12-16,0.25
1448,2021-12-17,0.0
1449,2021-12-18,0.0
1450,2021-12-19,0.0
1451,2021-12-20,0.0
1452,2021-12-21,0.16
1453,2021-12-22,0.6
1454,2021-12-23,0.83
1455,2021-12-24,0.09
1456,2021-12-25,0.6
1457,2021-12-26,0.24
1458,2021-12-27,0.53
1459,2021-12-28,0.0
1460,2021-12-29,0.61
1461,2021-12-30,0.0
1462,2021-12-31,0.0
1463,2022-01-01,0.0
1464,2022-01-02,0.0
1465,2022-01-03,0.34
1466,2022-01-04,0.18
1467,2022-01-05,0.0
1468,2022-01-06,0.01
1469,2022-01-07,0.08
1470,2022-01-08,0.0
1471,2022-01-09,0.0
1472,2022-01-10,0.0
1473,2022-01-11,0.0
1474,2022-01-12,0.0
1475,2022-01-13,0.0
1476,2022-01-14,0.0
1477,2022-01-15,0.0
1478,2022-01-16,0.0
1479,2022-01-17,0.0
1480,2022-01-18,0.0
1481,2022-01-19,0.0
1482,2022-01-20,0.0
1483,2022-01-21,0.0
1484,2022-01-22,0.0
1485,2022-01-23,0.0
1486,2022-01-24,0.0
1487,2022-01-25,0.0
1488,2022-01-26,0.0
1489,2022-01-27,0.0
1490,2022-01-28,0.0
1491,2022-01-29,0.0
1492,2022-01-30,0.0
1493,2022-01-31,0.0
1494,2022-02-01,0.0
1495,2022-02-02,0.0
1496,2022-02-03,0.0
1497,2022-02-04,0.0
1498,2022-02-05,0.0
1499,2022-02-06,0.0
1500,2022-02-07,0.0
1501,2022-02-08,0.0
1502,2022-02-09,0.0
1503,2022-02-10,0.0
1504,2022-02-11,0.0
1505,2022-02-12,0.0
1506,2022-02-13,0.0
1507,2022-02-14,0.0
1508,2022-02-15,0.0
1509,2022-02-16,0.0
1510,2022-02-17,0.0
1511,2022-02-18,0.0
1512,2022-02-19,0.0
1513,2022-02-20,0.0
1514,2022-02-21,0.04
1515,2022-02-22,0.0
1516,2022-02-23,0.0
1517,2022-02-24,0.0
1518,2022-02-25,0.0
1519,2022-02-26,0.0
1520,2022-02-27,0.0
1521,2022-02-28,0.0
1522,2022-03-01,0.0
1523,2022-03-02,0.0
1524,2022-03-03,0.05
1525,2022-03-04,0.06
1526,2022-03-05,0.0
1527,2022-03-06,0.0
1528,2022-03-07,0.0
1529,2022-03-08,0.0
1530,2022-03-09,0.0
1531,2022-03-10,0.0
1532,2022-03-11,0.0
1533,2022-03-12,0.0
1534,2022-03-13,0.0
1535,2022-03-14,0.0
1536,2022-03-15,0.19
1537,2022-03-16,0.0
1538,2022-03-17,0.0
1539,2022-03-18,0.0
1540,2022-03-19,0.0
1541,2022-03-20,0.0
1542,2022-03-21,0.0
1543,2022-03-22,0.0
1544,2022-03-23,0.0
1545,2022-03-24,0.0
1546,2022-03-25,0.0
1547,2022-03-26,0.0
1548,2022-03-27,0.18
1549,2022-03-28,0.0
1550,2022-03-29,0.0
1551,2022-03-30,0.0
1552,2022-03-31,0.0
1553,2022-04-01,0.0
1554,2022-04-02,0.0
1555,2022-04-03,0.0
1556,2022-04-04,0.0
1557,2022-04-05,0.0
1558,2022-04-06,0.0
1559,2022-04-07,0.0
1560,2022-04-08,0.0
1561,2022-04-09,0.0
1562,2022-04-10,0.0
1563,2022-04-11,0.11
1564,2022-04-12,0.0
1565,2022-04-13,0.0
1566,2022-04-14,0.23
1567,2022-04-15,0.0
1568,2022-04-16,0.28
1569,2022-04-17,0.0
1570,2022-04-18,0.01
1571,2022-04-19,0.09
1572,2022-04-20,0.11
1573,2022-04-21,0.25
1574,2022-04-22,0.0
1575,2022-04-23,0.0
1576,2022-04-24,0.0
1577,2022-04-25,0.0
1578,2022-04-26,0.0
1579,2022-04-27,0.0
1580,2022-04-28,0.0
1581,2022-04-29,0.0
1582,2022-04-30,0.0
1583,2022-05-01,0.0
1584,2022-05-02,0.0
1585,2022-05-03,0.0
1586,2022-05-04,0.0
1587,2022-05-05,0.0
1588,2022-05-06,0.02
1589,2022-05-07,0.0
1590,2022-05-08,0.0
1591,2022-05-09,0.0
1592,2022-05-10,0.0
1593,2022-05-11,0.0
1594,2022-05-12,0.0
1595,2022-05-13,0.0
1596,2022-05-14,0.0
1597,2022-05-15,0.0
1598,2022-05-16,0.0
1599,2022-05-17,0.0
1600,2022-05-18,0.0
1601,2022-05-19,0.0
1602,2022-05-20,0.0
1603,2022-05-21,0.0
1604,2022-05-22,0.0
1605,2022-05-23,0.0
1606,2022-05-24,0.0
1607,2022-05-25,0.0
1608,2022-05-26,0.0
1609,2022-05-27,0.0
1610,2022-05-28,0.0
1611,2022-05-29,0.0
1612,2022-05-30,0.0
1613,2022-05-31,0.0
1614,2022-06-01,0.0
1615,2022-06-02,0.0
1616,2022-06-03,0.0
1617,2022-06-04,0.01
1618,2022-06-05,0.22
1619,2022-06-06,0.0
1620,2022-06-07,0.0
1621,2022-06-08,0.0
1622,2022-06-09,0.0
1623,2022-06-10,0.0
1624,2022-06-11,0.0
1625,2022-06-12,0.0
1626,2022-06-13,0.0
1627,2022-06-14,0.0
1628,2022-06-15,0.0
1629,2022-06-16,0.0
1630,2022-06-17,0.0
1631,2022-06-18,0.0
1632,2022-06-19,0.0
1633,2022-06-20,0.0
1634,2022-06-21,0.0
1635,2022-06-22,0.0
1636,2022-06-23,0.0
1637,2022-06-24,0.0
1638,2022-06-25,0.0
1639,2022-06-26,0.0
1640,2022-06-27,0.0
1641,2022-06-28,0.0
1642,2022-06-29,0.0
1643,2022-06-30,0.0
1644,2022-07-01,0.01
1645,2022-07-02,0.04
1646,2020-01-01,0.01
1647,2020-01-04,0.01
1648,2020-01-08,0.02
1649,2020-01-09,0.26
1650,2020-01-13,0.02
1651,2020-01-14,0.24
1652,2020-01-17,1.16
1653,2020-01-22,0.15
1654,2020-01-25,0.01
1655,2020-01-26,0.19
1656,2020-01-28,0.01
1657,2020-01-29,0.07
1658,2020-03-07,0.03
1659,2020-03-14,0.01
1660,2020-03-15,0.57
1661,2020-03-16,0.26
1662,2020-03-28,
1663,2020-03-29,0.04
1664,2020-03-30,0.05
1665,2020-08-17,0.03
1666,2020-09-01,0.0
1667,2020-09-02,0.0
1668,2020-09-03,0.0
1669,2020-09-10,
1670,2020-09-11,0.0
1671,2020-09-12,0.0
1672,2020-09-13,0.0
1673,2020-09-14,0.0
1674,2020-09-15,0.0
1675,2020-09-16,0.0
1676,2020-09-17,0.0
1677,2020-09-18,0.0
1678,2020-09-19,0.0
1679,2020-09-20,0.0
1680,2020-09-21,0.0
1681,2020-09-22,0.0
1682,2020-09-23,0.0
1683,2020-09-24,0.0
1684,2020-09-25,0.0
1685,2020-09-26,0.0
1686,2020-09-27,0.0
1687,2020-09-28,0.0
1688,2020-09-29,0.0
1689,2020-09-30,0.0
1690,2020-10-01,0.0
1691,2020-10-02,0.0
1692,2020-10-03,0.0
1693,2020-10-04,0.0
1694,2020-10-05,0.0
1695,2020-10-06,0.0
1696,2020-10-07,0.0
1697,2020-10-08,0.0
1698,2020-10-09,0.01
1699,2020-10-10,0.0
1700,2020-10-11,0.0
1701,2020-10-12,0.0
1702,2020-10-13,0.0
1703,2020-10-14,0.0
1704,2020-10-15,0.0
1705,2020-10-16,0.0
1706,2020-10-17,0.0
1707,2020-10-18,0.0
1708,2020-10-19,0.0
1709,2020-10-20,0.0
1710,2020-10-21,0.0
1711,2020-10-22,0.0
1712,2020-10-23,0.0
1713,2020-10-24,0.0
1714,2020-10-25,0.0
1715,2020-10-26,0.0
1716,2020-10-27,0.0
1717,2020-10-28,0.0
1718,2020-10-29,0.0
1719,2020-10-30,0.0
1720,2020-10-31,0.0
1721,2020-11-01,0.0
1722,2020-11-02,0.0
1723,2020-11-03,0.0
1724,2020-11-04,0.0
1725,2020-11-05,0.0
1726,2020-11-06,0.0
1727,2020-11-07,0.0
1728,2020-11-08,0.0
1729,2020-11-09,0.02
1730,2020-11-10,0.0
1731,2020-11-11,0.0
1732,2020-11-12,0.0
1733,2020-11-13,0.0
1734,2020-11-14,0.12
1735,2020-11-15,0.0
1736,2020-11-16,0.0
1737,2020-11-17,0.0
1738,2020-11-18,0.27
1739,2020-11-19,0.01
1740,2020-11-20,0.0
1741,2020-11-21,0.0
1742,2020-11-22,0.0
1743,2020-11-23,0.0
1744,2020-11-24,0.0
1745,2020-11-25,0.0
1746,2020-11-26,0.0
1747,2020-11-27,0.0
1748,2020-11-28,0.0
1749,2020-11-29,0.0
1750,2020-11-30,0.0
1751,2020-12-01,0.0
1752,2020-12-02,0.0
1753,2020-12-03,0.0
1754,2020-12-04,0.0
1755,2020-12-05,0.0
1756,2020-12-06,0.0
1757,2020-12-07,0.0
1758,2020-12-08,0.0
1759,2020-12-09,0.0
1760,2020-12-10,0.0
1761,2020-12-11,0.0
1762,2020-12-12,0.39
1763,2020-12-13,0.24
1764,2020-12-14,0.4
1765,2020-12-15,0.0
1766,2020-12-16,0.0
1767,2020-12-17,0.48
1768,2020-12-18,0.0
1769,2020-12-19,0.0
1770,2020-12-20,0.0
1771,2020-12-21,0.0
1772,2020-12-22,0.0
1773,2020-12-23,0.0
1774,2020-12-24,0.0
1775,2020-12-25,0.0
1776,2020-12-26,0.22
1777,2020-12-27,0.01
1778,2021-01-02,
1779,2021-01-03,0.01
1780,2021-01-04,0.01
1781,2021-01-05,0.27
1782,2021-01-06,0.0
1783,2021-01-07,0.04
1784,2021-01-08,0.03
1785,2021-01-09,0.01
1786,2021-01-10,0.0
1787,2021-01-11,0.0
1788,2021-01-12,0.0
1789,2021-01-13,0.0
1790,2021-01-14,0.0
1791,2021-01-15,0.0
1792,2021-01-16,0.0
1793,2021-01-17,0.0
1794,2021-01-18,0.0
1795,2021-01-19,0.0
1796,2021-01-20,0.0
1797,2021-01-21,0.0
1798,2021-01-22,0.1
1799,2021-01-23,0.06
1800,2021-01-24,0.0
1801,2021-01-25,0.12
1802,2021-01-26,0.0
1803,2021-01-27,0.71
1804,2021-01-28,0.52
1805,2021-01-29,0.84
1806,2021-01-30,0.0
1807,2021-01-31,0.0
1808,2021-02-01,0.0
1809,2021-02-02,0.58
1810,2021-02-03,0.02
1811,2021-02-04,0.0
1812,2021-02-05,0.0
1813,2021-02-06,0.0
1814,2021-02-07,0.0
1815,2021-02-08,0.0
1816,2021-02-09,0.0
1817,2021-02-10,0.0
1818,2021-02-11,0.0
1819,2021-02-12,0.55
1820,2021-02-13,0.06
1821,2021-02-14,0.0
1822,2021-02-15,0.17
1823,2021-02-16,0.11
1824,2021-02-17,0.0
1825,2021-02-18,0.0
1826,2021-02-21,
1827,2021-02-22,0.0
1828,2021-02-23,0.0
1829,2021-02-24,0.0
1830,2021-02-25,0.0
1831,2021-02-26,0.0
1832,2021-02-27,0.0
1833,2021-02-28,0.0
1834,2021-03-01,0.0
1835,2021-03-02,0.0
1836,2021-03-03,0.0
1837,2021-03-04,0.0
1838,2021-03-05,0.0
1839,2021-03-06,0.22
1840,2021-03-07,0.0
1841,2021-03-08,0.0
1842,2021-03-09,0.0
1843,2021-03-10,0.64
1844,2021-03-11,0.29
1845,2021-03-12,0.0
1846,2021-03-13,0.0
1847,2021-03-14,0.0
1848,2021-03-15,0.19
1849,2021-03-16,0.0
1850,2021-03-17,0.0
1851,2021-03-18,0.02
1852,2021-03-19,0.47
1853,2021-03-20,0.02
1854,2021-03-21,0.0
1855,2021-03-22,0.0
1856,2021-03-23,0.0
1857,2021-03-24,0.0
1858,2021-03-25,0.0
1859,2021-03-26,0.0
1860,2021-03-27,0.0
1861,2021-03-28,0.0
1862,2021-03-29,0.0
1863,2021-03-30,0.0
1864,2021-03-31,0.0
1865,2021-04-01,0.0
1866,2021-04-02,0.0
1867,2021-04-03,0.0
1868,2021-04-04,0.0
1869,2021-04-05,0.0
1870,2021-04-06,0.0
1871,2021-04-07,0.0
1872,2021-04-08,0.0
1873,2021-04-09,0.0
1874,2021-04-10,0.0
1875,2021-04-11,0.0
1876,2021-04-12,0.0
1877,2021-04-13,0.0
1878,2021-04-14,0.0
1879,2021-04-15,0.0
1880,2021-04-16,0.0
1881,2021-04-17,0.0
1882,2021-04-18,0.0
1883,2021-04-19,0.0
1884,2021-04-20,0.0
1885,2021-04-21,0.0
1886,2021-04-22,0.0
1887,2021-04-23,0.0
1888,2021-04-24,0.01
1889,2021-04-25,0.01
1890,2021-04-26,0.09
1891,2021-04-27,0.0
1892,2021-04-28,0.0
1893,2021-04-29,0.0
1894,2021-04-30,0.0
1895,2021-05-01,0.0
1896,2021-05-02,0.0
1897,2021-05-03,0.0
1898,2021-05-04,0.0
1899,2021-05-05,0.0
1900,2021-05-06,0.0
1901,2021-05-07,0.0
1902,2021-05-08,0.0
1903,2021-05-09,0.0
1904,2021-05-10,0.0
1905,2021-05-11,0.0
1906,2021-05-12,0.0
1907,2021-05-13,0.0
1908,2021-05-14,0.0
1909,2021-05-15,0.0
1910,2021-05-16,0.01
1911,2021-05-17,0.01
1912,2021-05-18,0.0
1913,2021-05-19,0.0
1914,2021-05-20,0.0
1915,2021-05-21,0.0
1916,2021-05-22,0.0
1917,2021-05-23,0.0
1918,2021-05-24,0.0
1919,2021-05-25,0.0
1920,2021-05-26,0.0
1921,2021-05-27,0.0
1922,2021-05-28,0.0
1923,2021-05-29,0.0
1924,2021-05-30,0.0
1925,2021-05-31,0.0
1926,2021-06-01,0.0
1927,2021-06-02,0.0
1928,2021-06-03,0.0
1929,2021-06-04,0.0
1930,2021-06-05,0.0
1931,2021-06-06,0.0
1932,2021-06-07,0.0
1933,2021-06-08,0.0
1934,2021-06-09,0.0
1935,2021-06-10,0.0
1936,2021-06-11,0.0
1937,2021-06-12,0.0
1938,2021-06-13,0.0
1939,2021-06-14,0.0
1940,2021-06-15,0.0
1941,2021-06-16,0.0
1942,2021-06-17,0.0
1943,2021-06-18,0.0
1944,2021-06-19,0.0
1945,2021-06-20,0.0
1946,2021-06-21,0.0
1947,2021-06-22,0.0
1948,2021-06-23,0.0
1949,2021-06-24,0.0
1950,2021-06-25,0.0
1951,2021-06-26,0.0
1952,2021-06-27,0.0
1953,2021-06-28,0.0
1954,2021-06-29,0.0
1955,2021-06-30,0.0
1956,2021-07-01,0.0
1957,2021-07-02,0.0
1958,2021-07-03,0.0
1959,2021-07-04,0.0
1960,2021-07-05,0.0
1961,2021-07-06,0.0
1962,2021-07-07,0.0
1963,2021-07-08,0.0
1964,2021-07-09,0.0
1965,2021-07-10,0.0
1966,2021-07-11,0.0
1967,2021-07-12,0.0
1968,2021-07-13,0.0
1969,2021-07-14,0.0
1970,2021-07-15,0.0
1971,2021-07-16,0.0
1972,2021-07-17,0.0
1973,2021-07-18,0.0
1974,2021-07-19,0.0
1975,2021-07-20,0.0
1976,2021-07-21,0.0
1977,2021-07-22,0.0
1978,2021-07-23,0.0
1979,2021-07-24,0.0
1980,2021-07-25,0.0
1981,2021-07-26,0.0
1982,2021-07-27,0.0
1983,2021-07-28,0.0
1984,2021-07-29,0.0
1985,2021-07-30,0.0
1986,2021-07-31,0.0
1987,2021-08-01,0.0
1988,2021-08-02,0.0
1989,2021-08-03,0.0
1990,2021-08-04,0.0
1991,2021-08-05,0.0
1992,2021-08-06,0.0
1993,2021-08-07,0.0
1994,2021-08-08,0.0
1995,2021-08-09,0.0
1996,2021-08-10,0.0
1997,2021-08-11,0.0
1998,2021-08-12,0.0
1999,2021-08-13,0.0
2000,2021-08-14,0.0
2001,2021-08-15,0.0
2002,2021-08-16,0.0
2003,2021-08-17,0.0
2004,2021-08-18,0.0
2005,2021-08-19,0.0
2006,2021-08-20,0.0
2007,2021-08-21,0.0
2008,2021-08-22,0.0
2009,2021-08-23,0.0
2010,2021-08-24,0.0
2011,2021-08-25,0.0
2012,2021-08-26,0.0
2013,2021-08-27,0.0
2014,2021-08-28,0.0
2015,2021-08-29,0.0
2016,2021-08-30,0.0
2017,2021-08-31,0.0
2018,2021-09-01,0.0
2019,2021-09-02,0.0
2020,2021-09-03,0.0
2021,2021-09-04,0.0
2022,2021-09-05,0.0
2023,2021-09-06,0.0
2024,2021-09-07,0.0
2025,2021-09-08,0.0
2026,2021-09-09,0.0
2027,2021-09-10,0.0
2028,2021-09-11,0.0
2029,2021-09-12,0.0
2030,2021-09-13,0.0
2031,2021-09-14,0.0
2032,2021-09-15,0.0
2033,2021-09-16,0.0
2034,2021-09-17,0.0
2035,2021-09-18,0.0
2036,2021-09-19,0.03
2037,2021-09-20,0.0
2038,2021-09-21,0.0
2039,2021-09-22,0.0
2040,2021-09-23,0.0
2041,2021-09-24,0.0
2042,2021-09-25,0.0
2043,2021-09-26,0.0
2044,2021-09-27,0.0
2045,2021-09-28,0.01
2046,2021-09-29,0.0
2047,2021-09-30,0.0
2048,2021-10-01,0.0
2049,2021-10-02,0.0
2050,2021-10-03,0.0
2051,2021-10-04,0.0
2052,2021-10-05,0.0
2053,2021-10-06,0.0
2054,2021-10-07,0.0
2055,2021-10-08,0.0
2056,2021-10-09,0.0
2057,2021-10-10,0.0
2058,2021-10-11,0.0
2059,2021-10-12,0.0
2060,2021-10-13,0.0
2061,2021-10-14,0.0
2062,2021-10-15,0.0
2063,2021-10-16,0.0
2064,2021-10-17,0.0
2065,2021-10-18,0.06
2066,2021-10-19,0.0
2067,2021-10-20,0.04
2068,2021-10-21,0.79
2069,2021-10-22,0.73
2070,2021-10-23,0.06
2071,2021-10-24,1.94
2072,2021-10-25,3.37
2073,2021-10-26,0.0
2074,2021-10-27,0.0
2075,2021-10-28,0.0
2076,2021-10-29,0.0
2077,2021-10-30,0.0
2078,2021-10-31,0.0
2079,2021-11-01,0.0
2080,2021-11-02,0.21
2081,2021-11-03,0.01
2082,2021-11-04,0.11
2083,2021-11-05,0.0
2084,2021-11-06,0.0
2085,2021-11-07,0.0
2086,2021-11-08,0.0
2087,2021-11-09,0.73
2088,2021-11-10,0.12
2089,2021-11-11,0.0
2090,2021-11-12,0.0
2091,2021-11-13,0.0
2092,2021-11-14,0.0
2093,2021-11-15,0.0
2094,2021-11-16,0.0
2095,2021-11-17,0.0
2096,2021-11-18,0.0
2097,2021-11-19,0.0
2098,2021-11-20,0.01
2099,2021-11-21,0.0
2100,2021-11-22,0.0
2101,2021-11-23,0.0
2102,2021-11-24,0.0
2103,2021-11-25,0.0
2104,2021-11-26,0.0
2105,2021-11-27,0.0
2106,2021-11-28,0.0
2107,2021-11-29,0.0
2108,2021-11-30,0.0
2109,2021-12-01,0.0
2110,2021-12-02,0.0
2111,2021-12-03,0.0
2112,2021-12-04,0.0
2113,2021-12-05,0.0
2114,2021-12-06,0.0
2115,2021-12-07,0.05
2116,2021-12-08,0.0
2117,2021-12-09,0.03
2118,2021-12-10,0.0
2119,2021-12-11,0.0
2120,2021-12-13,
2121,2021-12-14,1.56
2122,2021-12-15,0.04
2123,2021-12-16,0.69
2124,2021-12-17,0.0
2125,2021-12-18,0.0
2126,2021-12-19,0.0
2127,2021-12-20,0.0
2128,2021-12-21,0.0
2129,2021-12-28,
2130,2021-12-29,0.29
2131,2021-12-30,0.31
2132,2021-12-31,0.0
2133,2022-01-01,0.0
2134,2022-01-02,0.0
2135,2022-01-03,0.0
2136,2022-01-04,0.56
2137,2022-01-05,0.01
2138,2022-01-06,0.0
2139,2022-01-07,0.02
2140,2022-01-08,0.07
2141,2022-01-09,0.0
2142,2022-01-10,0.0
2143,2022-01-11,0.0
2144,2022-01-12,0.0
2145,2022-01-13,0.0
2146,2022-01-14,0.0
2147,2022-01-15,0.0
2148,2022-01-16,0.0
2149,2022-01-17,0.0
2150,2022-01-18,0.0
2151,2022-01-19,0.0
2152,2022-01-20,0.0
2153,2022-01-21,0.0
2154,2022-01-22,0.0
2155,2022-01-23,0.0
2156,2022-01-24,0.0
2157,2022-01-25,0.0
2158,2022-01-26,0.0
2159,2022-01-27,0.0
2160,2022-01-28,0.0
2161,2022-01-29,0.0
2162,2022-01-30,0.0
2163,2022-01-31,0.0
2164,2022-02-01,0.0
2165,2022-02-02,0.0
2166,2022-02-03,0.0
2167,2022-02-04,0.0
2168,2022-02-05,0.0
2169,2022-02-06,0.0
2170,2022-02-07,0.0
2171,2022-02-08,0.0
2172,2022-02-09,0.0
2173,2022-02-10,0.0
2174,2022-02-11,0.0
2175,2022-02-12,0.0
2176,2022-02-13,0.0
2177,2022-02-14,0.0
2178,2022-02-15,0.0
2179,2022-02-16,0.0
2180,2022-02-17,0.0
2181,2022-02-18,0.0
2182,2022-02-19,0.0
2183,2022-02-20,0.0
2184,2022-02-21,0.0
2185,2022-02-22,0.03
2186,2022-02-23,0.0
2187,2022-02-24,0.0
2188,2022-02-25,0.0
2189,2022-02-26,0.0
2190,2022-02-27,0.0
2191,2022-02-28,0.0
2192,2022-03-01,0.0
2193,2022-03-02,0.0
2194,2022-03-03,0.0
2195,2022-03-04,0.14
2196,2022-03-05,0.02
2197,2022-03-06,0.0
2198,2022-03-07,0.0
2199,2022-03-08,0.0
2200,2022-03-09,0.0
2201,2022-03-10,0.0
2202,2022-03-11,0.0
2203,2022-03-12,0.0
2204,2022-03-13,0.02
2205,2022-03-14,0.0
2206,2022-03-15,0.16
2207,2022-03-16,0.01
2208,2022-03-17,0.0
2209,2022-03-18,0.0
2210,2022-03-19,0.0
2211,2022-03-20,0.01
2212,2022-03-21,0.0
2213,2022-03-22,0.0
2214,2022-03-23,0.0
2215,2022-03-24,0.0
2216,2022-03-25,0.0
2217,2022-03-26,0.0
2218,2022-03-27,0.0
2219,2022-03-28,0.17
2220,2022-03-29,0.0
2221,2022-03-30,0.0
2222,2022-03-31,0.0
2223,2022-04-01,0.0
2224,2022-04-02,0.0
2225,2022-04-03,0.0
2226,2022-04-04,0.0
2227,2022-04-05,0.0
2228,2022-04-06,0.0
2229,2022-04-07,0.0
2230,2022-04-08,0.0
2231,2022-04-09,0.0
2232,2022-04-10,0.0
2233,2022-04-11,0.08
2234,2022-04-12,0.18
2235,2022-04-13,0.0
2236,2022-04-14,0.0
2237,2022-04-15,0.27
2238,2022-04-16,0.29
2239,2022-04-17,0.09
2240,2022-04-18,0.0
2241,2022-04-22,
2242,2022-04-23,0.0
2243,2022-04-24,0.0
2244,2022-04-25,0.0
2245,2022-04-26,0.0
2246,2022-04-27,0.0
2247,2022-04-28,0.0
2248,2022-04-29,0.0
2249,2022-04-30,0.0
2250,2022-05-01,0.0
2251,2022-05-02,0.0
2252,2022-05-03,0.0
2253,2022-05-04,0.0
2254,2022-05-05,0.0
2255,2022-05-06,0.0
2256,2022-05-07,0.0
2257,2022-05-08,0.0
2258,2022-05-09,0.0
2259,2022-05-10,0.0
2260,2022-05-11,0.0
2261,2022-05-12,0.0
2262,2022-05-13,0.0
2263,2022-05-14,0.0
2264,2022-05-15,0.0
2265,2022-05-16,0.0
2266,2022-05-17,0.0
2267,2022-05-18,0.0
2268,2022-05-19,0.0
2269,2022-05-20,0.0
2270,2022-05-21,0.0
2271,2022-05-22,0.0
2272,2022-05-23,0.0
2273,2022-05-24,0.0
2274,2022-05-25,0.0
2275,2022-05-26,0.0
2276,2022-05-27,0.0
2277,2022-05-28,0.0
2278,2022-05-29,0.0
2279,2022-05-30,0.0
2280,2022-05-31,0.0
2281,2022-06-01,0.0
2282,2022-06-02,0.0
2283,2022-06-03,0.0
2284,2022-06-04,0.0
2285,2022-06-05,0.0
2286,2022-06-06,0.26
2287,2022-06-07,0.0
2288,2022-06-08,0.0
2289,2022-06-09,0.0
2290,2022-06-10,0.0
2291,2022-06-11,0.0
2292,2022-06-12,0.0
2293,2022-06-13,0.0
2294,2022-06-14,0.0
2295,2022-06-15,0.0
2296,2022-06-16,0.0
2297,2022-06-17,0.0
2298,2022-06-18,0.0
2299,2022-06-19,0.0
2300,2022-06-20,0.0
2301,2022-06-21,0.0
2302,2022-06-22,0.0
2303,2022-06-23,0.0
2304,2022-06-24,0.0
2305,2022-06-25,0.0
2306,2022-06-26,0.0
2307,2022-06-27,0.0
2308,2022-06-28,0.0
2309,2022-06-29,0.0
2310,2022-06-30,0.0
2311,2022-07-01,0.0
2312,2020-01-01,0.0
2313,2020-01-02,0.0
2314,2020-01-03,0.0
2315,2020-01-04,0.01
2316,2020-01-05,0.0
2317,2020-01-06,0.0
2318,2020-01-07,0.01
2319,2020-01-08,0.0
2320,2020-01-09,0.33
2321,2020-01-10,0.0
2322,2020-01-11,0.17
2323,2020-01-12,0.01
2324,2020-01-13,0.28
2325,2020-01-14,0.02
2326,2020-01-15,0.0
2327,2020-01-16,1.33
2328,2020-01-17,0.01
2329,2020-01-18,0.0
2330,2020-01-19,0.0
2331,2020-01-20,0.0
2332,2020-01-21,0.17
2333,2020-01-22,0.0
2334,2020-01-23,0.0
2335,2020-01-24,0.0
2336,2020-01-25,0.0
2337,2020-01-26,0.24
2338,2020-01-27,0.0
2339,2020-01-28,0.08
2340,2020-01-29,0.0
2341,2020-01-30,0.0
2342,2020-01-31,0.0
2343,2020-02-01,0.0
2344,2020-02-02,0.0
2345,2020-02-03,0.0
2346,2020-02-04,0.0
2347,2020-02-05,0.0
2348,2020-02-06,0.0
2349,2020-02-07,0.0
2350,2020-02-08,0.0
2351,2020-02-09,0.0
2352,2020-02-10,0.0
2353,2020-02-11,0.0
2354,2020-02-12,0.0
2355,2020-02-13,0.0
2356,2020-02-14,0.0
2357,2020-02-15,0.0
2358,2020-02-16,0.0
2359,2020-02-17,0.0
2360,2020-02-18,0.0
2361,2020-02-19,0.0
2362,2020-02-20,0.0
2363,2020-02-21,0.0
2364,2020-02-22,0.0
2365,2020-02-23,0.0
2366,2020-02-24,0.0
2367,2020-02-25,0.0
2368,2020-02-26,0.0
2369,2020-02-27,0.0
2370,2020-02-28,0.0
2371,2020-02-29,0.0
2372,2020-03-01,0.0
2373,2020-03-02,0.0
2374,2020-03-03,0.0
2375,2020-03-04,0.0
2376,2020-03-05,0.0
2377,2020-03-06,0.01
2378,2020-03-07,0.2
2379,2020-03-08,0.0
2380,2020-03-09,0.0
2381,2020-03-10,0.0
2382,2020-03-11,0.0
2383,2020-03-12,0.0
2384,2020-03-13,0.0
2385,2020-03-14,0.63
2386,2020-03-15,0.35
2387,2020-03-16,0.08
2388,2020-03-17,0.0
2389,2020-03-18,0.03
2390,2020-03-19,0.0
2391,2020-03-20,0.0
2392,2020-03-21,0.0
2393,2020-03-22,0.0
2394,2020-03-23,0.0
2395,2020-03-24,0.13
2396,2020-03-25,0.01
2397,2020-03-26,0.0
2398,2020-03-27,0.0
2399,2020-03-28,0.05
2400,2020-03-29,0.2
2401,2020-03-30,0.0
2402,2020-03-31,0.0
2403,2020-04-01,0.0
2404,2020-04-02,0.0
2405,2020-04-03,0.0
2406,2020-04-04,0.29
2407,2020-04-05,0.27
2408,2020-04-06,0.25
2409,2020-04-07,0.0
2410,2020-04-08,0.0
2411,2020-04-09,0.0
2412,2020-04-10,0.0
2413,2020-04-11,0.0
2414,2020-04-12,0.0
2415,2020-04-13,0.0
2416,2020-04-14,0.0
2417,2020-04-15,0.0
2418,2020-04-16,0.0
2419,2020-04-17,0.0
2420,2020-04-18,0.0
2421,2020-04-19,0.0
2422,2020-04-20,0.0
2423,2020-04-21,0.0
2424,2020-04-22,0.0
2425,2020-04-23,0.0
2426,2020-04-24,0.0
2427,2020-04-25,0.0
2428,2020-04-26,0.0
2429,2020-04-27,0.0
2430,2020-04-28,0.0
2431,2020-04-29,0.0
2432,2020-04-30,0.0
2433,2020-05-01,0.0
2434,2020-05-02,0.0
2435,2020-05-03,0.0
2436,2020-05-04,0.0
2437,2020-05-05,0.0
2438,2020-05-06,0.0
2439,2020-05-07,0.0
2440,2020-05-08,0.0
2441,2020-05-09,0.0
2442,2020-05-10,0.0
2443,2020-05-11,0.03
2444,2020-05-12,0.08
2445,2020-05-13,0.02
2446,2020-05-14,0.08
2447,2020-05-15,0.01
2448,2020-05-16,0.0
2449,2020-05-17,0.24
2450,2020-05-18,0.12
2451,2020-05-19,0.0
2452,2020-05-20,0.0
2453,2020-05-21,0.0
2454,2020-05-22,0.0
2455,2020-05-23,0.0
2456,2020-05-24,0.0
2457,2020-05-25,0.0
2458,2020-05-26,0.0
2459,2020-05-27,0.0
2460,2020-05-28,0.0
2461,2020-05-29,0.0
2462,2020-05-30,0.01
2463,2020-05-31,0.0
2464,2020-06-01,0.0
2465,2020-06-02,0.0
2466,2020-06-03,0.0
2467,2020-06-04,0.0
2468,2020-06-05,0.0
2469,2020-06-06,0.0
2470,2020-06-07,0.0
2471,2020-06-08,0.0
2472,2020-06-09,0.0
2473,2020-06-10,0.0
2474,2020-06-11,0.0
2475,2020-06-12,0.0
2476,2020-06-13,0.0
2477,2020-06-14,0.0
2478,2020-06-15,0.0
2479,2020-06-16,0.0
2480,2020-06-17,0.0
2481,2020-06-18,0.0
2482,2020-06-19,0.0
2483,2020-06-20,0.0
2484,2020-06-21,0.0
2485,2020-06-22,0.0
2486,2020-06-23,0.0
2487,2020-06-24,0.0
2488,2020-06-25,0.0
2489,2020-06-26,0.0
2490,2020-06-27,0.0
2491,2020-06-28,0.0
2492,2020-06-29,0.0
2493,2020-06-30,0.0
2494,2020-07-01,0.0
2495,2020-07-02,0.0
2496,2020-07-03,0.0
2497,2020-07-04,0.0
2498,2020-07-05,0.0
2499,2020-07-06,0.0
2500,2020-07-07,0.0
2501,2020-07-08,0.0
2502,2020-07-09,0.0
2503,2020-07-10,0.0
2504,2020-07-11,0.0
2505,2020-07-12,0.0
2506,2020-07-13,0.0
2507,2020-07-14,0.0
2508,2020-07-15,0.0
2509,2020-07-16,0.0
2510,2020-07-17,0.0
2511,2020-07-18,0.0
2512,2020-07-19,0.0
2513,2020-07-20,0.0
2514,2020-07-21,0.01
2515,2020-07-22,0.02
2516,2020-07-23,0.0
2517,2020-07-24,0.0
2518,2020-07-25,0.0
2519,2020-07-26,0.0
2520,2020-07-27,0.0
2521,2020-07-28,0.0
2522,2020-07-29,0.0
2523,2020-07-30,0.0
2524,2020-07-31,0.0
2525,2020-08-01,0.0
2526,2020-08-02,0.0
2527,2020-08-03,0.0
2528,2020-08-04,0.0
2529,2020-08-05,0.0
2530,2020-08-06,0.0
2531,2020-08-07,0.0
2532,2020-08-08,0.0
2533,2020-08-09,0.0
2534,2020-08-10,0.0
2535,2020-08-11,0.0
2536,2020-08-12,0.0
2537,2020-08-13,0.0
2538,2020-08-14,0.0
2539,2020-08-15,0.0
2540,2020-08-16,0.03
2541,2020-08-17,0.0
2542,2020-08-18,0.0
2543,2020-08-19,0.0
2544,2020-08-20,0.0
2545,2020-08-21,0.0
2546,2020-08-22,0.0
2547,2020-08-23,0.0
2548,2020-08-24,0.0
2549,2020-08-25,0.0
2550,2020-08-26,0.0
2551,2020-08-27,0.0
2552,2020-08-28,0.0
2553,2020-08-29,0.0
2554,2020-08-30,0.0
2555,2020-08-31,0.0
2556,2020-09-01,0.0
2557,2020-09-02,0.0
2558,2020-09-03,0.0
2559,2020-09-04,0.0
2560,2020-09-05,0.0
2561,2020-09-06,0.0
2562,2020-09-07,0.0
2563,2020-09-08,0.0
2564,2020-09-09,0.0
2565,2020-09-10,0.0
2566,2020-09-11,0.0
2567,2020-09-12,0.0
2568,2020-09-13,0.0
2569,2020-09-14,0.0
2570,2020-09-15,0.0
2571,2020-09-16,0.0
2572,2020-09-17,0.0
2573,2020-09-18,0.0
2574,2020-09-19,0.0
2575,2020-09-20,0.0
2576,2020-09-21,0.0
2577,2020-09-22,0.0
2578,2020-09-23,0.0
2579,2020-09-24,0.0
2580,2020-09-25,0.0
2581,2020-09-26,0.0
2582,2020-09-27,0.0
2583,2020-09-28,0.0
2584,2020-09-29,0.0
2585,2020-09-30,0.0
2586,2020-10-01,0.0
2587,2020-10-02,0.0
2588,2020-10-03,0.0
2589,2020-10-04,0.0
2590,2020-10-05,0.0
2591,2020-10-06,0.0
2592,2020-10-07,0.0
2593,2020-10-08,0.01
2594,2020-10-09,0.0
2595,2020-11-01,0.0
2596,2020-11-02,0.0
2597,2020-11-03,0.0
2598,2020-11-04,0.0
2599,2020-11-05,0.0
2600,2020-11-06,0.0
2601,2020-11-07,0.0
2602,2020-11-08,0.0
2603,2020-11-09,0.0
2604,2020-11-10,0.0
2605,2020-11-11,0.0
2606,2020-11-12,0.0
2607,2020-11-13,0.19
2608,2020-11-14,0.0
2609,2020-11-15,0.0
2610,2020-11-16,0.0
2611,2020-11-17,0.48
2612,2020-11-18,0.13
2613,2020-11-19,0.0
2614,2020-11-20,0.0
2615,2020-11-21,0.0
2616,2020-11-22,0.0
2617,2020-11-23,0.0
2618,2020-11-24,0.0
2619,2020-11-25,0.0
2620,2020-11-26,0.0
2621,2020-11-27,0.0
2622,2020-11-28,0.0
2623,2020-11-29,0.0
2624,2020-11-30,0.0
2625,2020-12-01,0.0
2626,2020-12-02,0.0
2627,2020-12-03,0.0
2628,2020-12-04,0.0
2629,2020-12-05,0.0
2630,2020-12-06,0.0
2631,2020-12-07,0.0
2632,2020-12-08,0.0
2633,2020-12-09,0.0
2634,2020-12-10,0.0
2635,2020-12-11,0.43
2636,2020-12-12,0.13
2637,2020-12-13,0.8
2638,2020-12-14,0.0
2639,2020-12-15,0.0
2640,2020-12-16,0.06
2641,2020-12-17,0.44
2642,2020-12-18,0.0
2643,2020-12-19,0.0
2644,2020-12-20,0.0
2645,2020-12-21,0.0
2646,2020-12-22,0.0
2647,2020-12-23,0.0
2648,2020-12-24,0.0
2649,2020-12-25,0.36
2650,2020-12-26,0.0
2651,2020-12-27,0.0
2652,2020-12-28,0.1
2653,2020-12-29,0.0
2654,2020-12-30,0.03
2655,2020-12-31,0.01
2656,2021-01-01,0.01
2657,2021-01-02,0.22
2658,2021-01-03,0.0
2659,2021-01-04,0.33
2660,2021-01-05,0.0
2661,2021-01-06,0.03
2662,2021-01-07,0.0
2663,2021-01-08,0.03
2664,2021-01-09,0.0
2665,2021-01-10,0.0
2666,2021-01-11,0.0
2667,2021-01-12,0.0
2668,2021-01-13,0.0
2669,2021-01-14,0.0
2670,2021-01-15,0.0
2671,2021-01-16,0.0
2672,2021-01-17,0.0
2673,2021-01-18,0.0
2674,2021-01-19,0.0
2675,2021-01-20,0.0
2676,2021-01-21,0.0
2677,2021-01-22,0.14
2678,2021-01-23,0.0
2679,2021-01-24,0.1
2680,2021-01-25,0.0
2681,2021-01-26,0.45
2682,2021-01-27,0.63
2683,2021-01-28,0.75
2684,2021-01-29,0.3
2685,2021-01-30,0.0
2686,2021-01-31,0.0
2687,2021-02-01,0.38
2688,2021-02-02,0.18
2689,2021-02-03,0.0
2690,2021-02-04,0.0
2691,2021-02-05,0.0
2692,2021-02-06,0.0
2693,2021-02-07,0.0
2694,2021-02-08,0.0
2695,2021-02-09,0.0
2696,2021-02-10,0.0
2697,2021-02-11,0.58
2698,2021-02-12,0.0
2699,2021-02-13,0.07
2700,2021-02-14,0.07
2701,2021-02-15,0.34
2702,2021-02-16,0.0
2703,2021-02-17,0.0
2704,2021-02-18,0.0
2705,2021-02-19,0.32
2706,2021-02-20,0.02
2707,2021-02-21,0.0
2708,2021-02-22,0.0
2709,2021-02-23,0.0
2710,2021-02-24,0.0
2711,2021-02-25,0.0
2712,2021-02-26,0.0
2713,2021-02-27,0.0
2714,2021-02-28,0.0
2715,2021-03-01,0.0
2716,2021-03-02,0.0
2717,2021-03-03,0.0
2718,2021-03-04,0.0
2719,2021-03-05,0.27
2720,2021-03-06,0.01
2721,2021-03-07,0.0
2722,2021-03-08,0.0
2723,2021-03-09,0.36
2724,2021-03-10,0.45
2725,2021-03-11,0.04
2726,2021-03-12,0.0
2727,2021-03-13,0.0
2728,2021-03-14,0.2
2729,2021-03-15,0.0
2730,2021-03-16,0.0
2731,2021-03-17,0.0
2732,2021-03-18,0.46
2733,2021-03-19,0.0
2734,2021-03-20,0.0
2735,2021-03-21,0.0
2736,2021-03-22,0.0
2737,2021-03-23,0.0
2738,2021-03-24,0.0
2739,2021-03-25,0.0
2740,2021-03-26,0.0
2741,2021-03-27,0.0
2742,2021-03-28,0.0
2743,2021-03-29,0.0
2744,2021-03-30,0.0
2745,2021-03-31,0.0
2746,2021-04-01,0.0
2747,2021-04-02,0.0
2748,2021-04-03,0.0
2749,2021-04-04,0.0
2750,2021-04-05,0.0
2751,2021-04-06,0.0
2752,2021-04-07,0.0
2753,2021-04-08,0.0
2754,2021-04-09,0.0
2755,2021-04-10,0.0
2756,2021-04-11,0.0
2757,2021-04-12,0.0
2758,2021-04-13,0.0
2759,2021-04-14,0.0
2760,2021-04-15,0.0
2761,2021-04-16,0.0
2762,2021-04-17,0.0
2763,2021-04-18,0.0
2764,2021-04-19,0.0
2765,2021-04-20,0.0
2766,2021-04-21,0.0
2767,2021-04-22,0.0
2768,2021-04-23,0.0
2769,2021-04-24,0.07
2770,2021-04-25,0.16
2771,2021-04-26,0.0
2772,2021-04-27,0.0
2773,2021-04-28,0.0
2774,2021-04-29,0.0
2775,2021-04-30,0.0
2776,2021-05-01,0.01
2777,2021-05-02,0.0
2778,2021-05-03,0.0
2779,2021-05-04,0.0
2780,2021-05-05,0.0
2781,2021-05-06,0.0
2782,2021-05-07,0.0
2783,2021-05-08,0.0
2784,2021-05-09,0.0
2785,2021-05-10,0.0
2786,2021-05-11,0.0
2787,2021-05-12,0.0
2788,2021-05-13,0.0
2789,2021-05-14,0.0
2790,2021-05-15,0.01
2791,2021-05-16,0.0
2792,2021-05-17,0.02
2793,2021-05-18,0.0
2794,2021-05-19,0.0
2795,2021-05-20,0.0
2796,2021-05-21,0.0
2797,2021-05-22,0.0
2798,2021-05-23,0.0
2799,2021-05-24,0.0
2800,2021-05-25,0.0
2801,2021-05-26,0.0
2802,2021-05-27,0.0
2803,2021-05-28,0.0
2804,2021-05-29,0.0
2805,2021-05-30,0.0
2806,2021-05-31,0.0
2807,2021-06-01,0.0
2808,2021-06-02,0.0
2809,2021-06-03,0.0
2810,2021-06-04,0.0
2811,2021-06-05,0.0
2812,2021-06-06,0.0
2813,2021-06-07,0.0
2814,2021-06-08,0.0
2815,2021-06-09,0.0
2816,2021-06-10,0.0
2817,2021-06-11,0.0
2818,2021-06-12,0.0
2819,2021-06-13,0.0
2820,2021-06-14,0.02
2821,2021-06-15,0.0
2822,2021-06-16,0.0
2823,2021-06-17,0.0
2824,2021-06-18,0.0
2825,2021-06-19,0.0
2826,2021-06-20,0.0
2827,2021-06-21,0.0
2828,2021-06-22,0.0
2829,2021-06-23,0.0
2830,2021-06-24,0.0
2831,2021-06-25,0.0
2832,2021-06-26,0.0
2833,2021-06-27,0.01
2834,2021-06-28,0.0
2835,2021-06-29,0.0
2836,2021-06-30,0.01
2837,2021-07-01,0.01
2838,2021-07-02,0.01
2839,2021-07-03,0.0
2840,2021-07-04,0.0
2841,2021-07-05,0.01
2842,2021-07-06,0.0
2843,2021-07-07,0.01
2844,2021-07-08,0.0
2845,2021-07-09,0.0
2846,2021-07-10,0.0
2847,2021-07-11,0.0
2848,2021-07-12,0.0
2849,2021-07-13,0.01
2850,2021-07-14,0.0
2851,2021-07-15,0.0
2852,2021-07-16,0.0
2853,2021-07-17,0.0
2854,2021-07-18,0.0
2855,2021-07-19,0.0
2856,2021-07-20,0.0
2857,2021-07-21,0.0
2858,2021-07-22,0.0
2859,2021-07-23,0.0
2860,2021-07-24,0.0
2861,2021-07-25,0.0
2862,2021-07-26,0.0
2863,2021-07-27,0.0
2864,2021-07-28,0.0
2865,2021-07-29,0.0
2866,2021-07-30,0.0
2867,2021-07-31,0.0
2868,2021-08-01,0.0
2869,2021-08-02,0.0
2870,2021-08-03,0.0
2871,2021-08-04,0.0
2872,2021-08-05,0.05
2873,2021-09-01,0.0
2874,2021-09-02,0.0
2875,2021-09-03,0.0
2876,2021-09-04,0.0
2877,2021-09-05,0.01
2878,2021-09-06,0.0
2879,2021-09-07,0.0
2880,2021-09-08,0.0
2881,2021-09-09,0.0
2882,2021-09-10,0.02
2883,2021-09-11,0.0
2884,2021-09-12,0.0
2885,2021-09-13,0.0
2886,2021-09-14,0.0
2887,2021-09-15,0.0
2888,2021-09-16,0.0
2889,2021-09-17,0.0
2890,2021-09-18,0.02
2891,2021-09-19,0.06
2892,2021-09-20,0.0
2893,2021-09-21,0.0
2894,2021-09-22,0.0
2895,2021-09-23,0.0
2896,2021-09-24,0.0
2897,2021-09-25,0.0
2898,2021-09-26,0.0
2899,2021-09-27,0.05
2900,2021-09-28,0.0
2901,2021-09-29,0.0
2902,2021-09-30,0.0
2903,2021-10-01,0.0
2904,2021-10-02,0.0
2905,2021-10-03,0.0
2906,2021-10-04,0.0
2907,2021-10-05,0.0
2908,2021-10-06,0.0
2909,2021-10-07,0.0
2910,2021-10-08,0.0
2911,2021-10-09,0.0
2912,2021-10-10,0.0
2913,2021-10-11,0.0
2914,2021-10-12,0.0
2915,2021-10-13,0.0
2916,2021-10-14,0.0
2917,2021-10-15,0.0
2918,2021-10-16,0.0
2919,2021-10-17,0.0
2920,2021-10-18,0.0
2921,2021-10-19,0.03
2922,2021-10-20,0.58
2923,2021-10-21,0.76
2924,2021-10-22,0.63
2925,2021-10-23,0.85
2926,2021-10-24,5.02
2927,2021-10-25,0.4
2928,2021-10-26,0.0
2929,2021-10-27,0.0
2930,2021-10-28,0.0
2931,2021-10-29,0.0
2932,2021-10-30,0.01
2933,2021-10-31,0.01
2934,2021-11-01,0.25
2935,2021-11-02,0.0
2936,2021-11-03,0.0
2937,2021-11-04,0.21
2938,2021-11-05,0.0
2939,2021-11-06,0.0
2940,2021-11-07,0.0
2941,2021-11-08,0.65
2942,2021-11-09,0.33
2943,2021-11-10,0.0
2944,2021-11-11,0.0
2945,2021-11-12,0.0
2946,2021-11-13,0.0
2947,2021-11-14,0.0
2948,2021-11-15,0.0
2949,2021-11-16,0.0
2950,2021-11-17,0.0
2951,2021-11-18,0.0
2952,2021-11-19,0.05
2953,2021-11-20,0.0
2954,2021-11-21,0.0
2955,2021-11-22,0.0
2956,2021-11-23,0.0
2957,2021-11-24,0.0
2958,2021-11-25,0.0
2959,2021-11-26,0.0
2960,2021-11-27,0.0
2961,2021-11-28,0.0
2962,2021-11-29,0.0
2963,2021-11-30,0.0
2964,2021-12-01,0.0
2965,2021-12-02,0.0
2966,2021-12-03,0.0
2967,2021-12-04,0.0
2968,2021-12-05,0.0
2969,2021-12-06,0.04
2970,2021-12-07,0.02
2971,2021-12-08,0.01
2972,2021-12-09,0.0
2973,2021-12-10,0.0
2974,2021-12-11,0.0
2975,2021-12-12,0.66
2976,2021-12-13,2.64
2977,2021-12-14,0.2
2978,2021-12-15,0.78
2979,2021-12-16,0.12
2980,2021-12-17,0.0
2981,2021-12-18,0.0
2982,2021-12-19,0.0
2983,2021-12-20,0.0
2984,2021-12-21,0.2
2985,2021-12-22,0.7
2986,2021-12-23,1.03
2987,2021-12-24,0.08
2988,2021-12-25,0.64
2989,2021-12-26,0.23
2990,2021-12-27,0.38
2991,2021-12-28,0.01
2992,2021-12-29,0.65
2993,2021-12-30,0.0
2994,2021-12-31,0.0
2995,2022-01-01,0.0
2996,2022-01-02,0.0
2997,2022-01-03,0.41
2998,2022-01-04,0.21
2999,2022-01-05,0.0
3000,2022-01-06,0.03
3001,2022-01-07,0.1
3002,2022-01-08,0.01
3003,2022-01-09,0.01
3004,2022-01-10,0.0
3005,2022-01-11,0.0
3006,2022-01-12,0.0
3007,2022-01-13,0.0
3008,2022-01-14,0.0
3009,2022-01-15,0.0
3010,2022-01-16,0.0
3011,2022-01-17,0.0
3012,2022-01-18,0.0
3013,2022-01-19,0.0
3014,2022-01-20,0.0
3015,2022-01-21,0.0
3016,2022-01-22,0.0
3017,2022-01-23,0.0
3018,2022-01-24,0.0
3019,2022-01-25,0.0
3020,2022-01-26,0.0
3021,2022-01-27,0.0
3022,2022-01-28,0.0
3023,2022-01-29,0.0
3024,2022-01-30,0.0
3025,2022-01-31,0.0
3026,2022-02-01,0.0
3027,2022-02-02,0.0
3028,2022-02-03,0.0
3029,2022-02-04,0.0
3030,2022-02-05,0.0
3031,2022-02-06,0.0
3032,2022-02-07,0.0
3033,2022-02-08,0.0
3034,2022-02-09,0.0
3035,2022-02-10,0.0
3036,2022-02-11,0.0
3037,2022-02-12,0.0
3038,2022-02-13,0.0
3039,2022-02-14,0.0
3040,2022-02-15,0.0
3041,2022-02-16,0.0
3042,2022-02-17,0.0
3043,2022-02-18,0.0
3044,2022-02-19,0.0
3045,2022-02-20,0.0
3046,2022-02-21,0.01
3047,2022-02-22,0.0
3048,2022-02-23,0.0
3049,2022-02-24,0.0
3050,2022-02-25,0.0
3051,2022-02-26,0.0
3052,2022-02-27,0.0
3053,2022-02-28,0.0
3054,2022-03-01,0.0
3055,2022-03-02,0.0
3056,2022-03-03,0.06
3057,2022-03-04,0.08
3058,2022-03-05,0.0
3059,2022-03-06,0.0
3060,2022-03-07,0.0
3061,2022-03-08,0.0
3062,2022-03-09,0.0
3063,2022-03-10,0.0
3064,2022-03-11,0.0
3065,2022-03-12,0.0
3066,2022-03-13,0.01
3067,2022-03-14,0.0
3068,2022-03-15,0.26
3069,2022-03-16,0.0
3070,2022-03-17,0.0
3071,2022-03-18,0.0
3072,2022-03-19,0.01
3073,2022-03-20,0.0
3074,2022-03-21,0.0
3075,2022-03-22,0.0
3076,2022-03-23,0.0
3077,2022-03-24,0.0
3078,2022-03-25,0.01
3079,2022-03-26,0.0
3080,2022-03-27,0.23
3081,2022-03-28,0.01
3082,2022-03-29,0.0
3083,2022-03-30,0.0
3084,2022-03-31,0.0
3085,2022-04-01,0.0
3086,2022-04-02,0.0
3087,2022-04-03,0.0
3088,2022-04-04,0.0
3089,2022-04-05,0.0
3090,2022-04-06,0.0
3091,2022-04-07,0.0
3092,2022-04-08,0.0
3093,2022-04-09,0.0
3094,2022-04-10,0.0
3095,2022-04-11,0.2
3096,2022-04-12,0.0
3097,2022-04-13,0.0
3098,2022-04-14,0.43
3099,2022-04-15,0.0
3100,2022-04-16,0.34
3101,2022-04-17,0.0
3102,2022-04-18,0.0
3103,2022-04-19,0.13
3104,2022-04-20,0.14
3105,2022-04-21,0.0
3106,2022-04-22,0.0
3107,2022-04-23,0.0
3108,2022-04-24,0.0
3109,2022-04-25,0.0
3110,2022-04-26,0.0
3111,2022-04-27,0.0
3112,2022-04-28,0.0
3113,2022-04-29,0.0
3114,2022-04-30,0.0
3115,2022-05-01,0.0
3116,2022-05-02,0.0
3117,2022-05-03,0.0
3118,2022-05-04,0.0
3119,2022-05-05,0.0
3120,2022-05-06,0.02
3121,2022-05-07,0.0
3122,2022-05-08,0.0
3123,2022-05-09,0.0
3124,2022-05-10,0.0
3125,2022-05-11,0.0
3126,2022-05-12,0.0
3127,2022-05-13,0.0
3128,2022-05-14,0.0
3129,2022-05-15,0.0
3130,2022-05-16,0.0
3131,2022-05-17,0.0
3132,2022-05-18,0.0
3133,2022-05-19,0.0
3134,2022-05-20,0.0
3135,2022-05-21,0.0
3136,2022-05-22,0.0
3137,2022-05-23,0.0
3138,2022-05-24,0.0
3139,2022-05-25,0.0
3140,2022-05-26,0.0
3141,2022-05-27,0.0
3142,2022-05-28,0.0
3143,2022-05-29,0.0
3144,2022-05-30,0.0
3145,2022-05-31,0.0
3146,2022-06-01,0.0
3147,2022-06-02,0.0
3148,2022-06-03,0.0
3149,2022-06-04,0.0
3150,2022-06-05,0.35
3151,2022-06-06,0.0
3152,2022-06-07,0.0
3153,2022-06-08,0.0
3154,2022-06-09,0.0
3155,2022-06-10,0.0
3156,2022-06-11,0.0
3157,2022-06-12,0.0
3158,2022-06-13,0.0
3159,2022-06-14,0.0
3160,2022-06-15,0.0
3161,2022-06-16,0.0
3162,2022-06-17,0.0
3163,2022-06-18,0.0
3164,2022-06-19,0.0
3165,2022-06-20,0.0
3166,2022-06-21,0.0
3167,2022-06-22,0.0
3168,2022-06-23,0.0
3169,2022-06-24,0.0
3170,2022-06-25,0.0
3171,2022-06-26,0.0
3172,2022-06-27,0.0
3173,2022-06-28,0.0
3174,2022-06-29,0.0
3175,2022-06-30,0.0
3176,2022-07-01,0.02
3177,2020-01-09,0.39
3178,2020-01-11,0.32
3179,2020-01-22,0.09
3180,2020-01-26,0.29
3181,2020-03-07,0.11
3182,2020-03-08,0.22
3183,2020-03-14,0.23
3184,2020-03-15,0.29
3185,2020-03-17,0.07
3186,2020-03-18,0.05
3187,2020-03-23,0.03
3188,2020-03-25,0.06
3189,2020-03-28,0.09
3190,2020-03-29,0.05
3191,2020-04-05,0.38
3192,2020-04-07,0.35
3193,2020-05-12,0.13
3194,2020-11-12,0.19
3195,2020-11-18,1.0
3196,2020-12-12,0.75
3197,2020-12-13,0.54
3198,2020-12-14,0.13
3199,2020-12-17,0.52
3200,2020-12-26,0.22
3201,2020-12-31,0.27
3202,2021-01-02,
3203,2021-01-04,0.06
3204,2021-01-08,0.13
3205,2021-01-23,0.15
3206,2021-01-25,0.11
3207,2021-01-27,0.93
3208,2021-01-28,0.56
3209,2021-01-29,0.93
3210,2021-02-02,0.42
3211,2021-02-12,0.54
3212,2021-02-13,0.09
3213,2021-03-10,0.55
3214,2021-03-11,0.21
3215,2021-03-15,0.15
3216,2021-03-18,0.04
3217,2021-10-20,0.06
3218,2021-10-21,1.37
3219,2021-10-22,0.76
3220,2021-10-24,1.81
3221,2021-10-25,4.3
3222,2021-11-02,0.33
3223,2021-11-04,0.18
3224,2021-11-09,0.84
3225,2021-11-10,0.03
3226,2021-11-19,0.05
3227,2021-12-07,0.07
3228,2021-12-13,
3229,2021-12-14,1.69
3230,2022-01-04,0.46
3231,2022-01-07,0.06
